revision_timing,nth_revision,sleep_duration,topic_difficulty,study_duration,session_time,S_true,retention_percentage
41.2,0,5.1,2,52,1,25.93,25.26
79.1,0,7.1,6,50,3,20.69,3.57
69.0,4,6.9,7,50,2,195.88,67.39
8.5,0,7.7,7,102,1,25.38,75.28
8.3,0,5.5,3,97,0,29.35,75.43
15.5,3,6.5,8,70,0,122.76,88.27
22.0,1,4.7,6,62,0,30.74,44.68
25.7,3,7.4,8,52,3,109.9,75.68
55.1,0,7.2,5,180,2,28.98,12.05
3.3,1,7.1,5,24,2,39.94,92.23
2.2,0,6.5,8,46,0,19.8,89.75
24.4,0,7.0,8,68,3,19.63,34.25
57.8,4,8.6,5,21,2,230.99,79.21
10.8,0,6.1,4,41,0,24.06,54.35
49.7,1,6.7,4,160,0,53.98,40.74
14.9,1,5.1,4,93,0,49.32,68.85
104.8,1,5.4,4,41,0,43.3,5.51
109.0,4,6.6,4,40,1,233.2,59.82
17.4,0,7.9,8,24,1,19.86,39.31
13.0,2,6.2,2,44,0,88.85,81.58
25.9,6,6.2,6,77,2,714.57,97.15
13.7,2,6.0,3,70,0,89.14,80.82
54.1,5,5.8,4,46,0,460.63,90.17
84.5,0,6.9,2,32,1,24.58,11.04
54.2,1,4.6,4,51,1,30.87,12.63
84.0,0,8.2,7,51,2,21.51,1.02
24.8,3,5.6,8,87,0,127.93,73.55
8.7,6,7.4,3,65,1,984.03,98.07
64.8,0,4.8,5,60,1,16.59,4.26
22.0,2,7.4,5,107,0,99.67,82.72
53.9,0,7.4,8,127,2,24.56,11.41
15.6,2,7.0,7,70,0,82.3,85.84
4.6,1,5.2,5,71,0,44.21,99.03
235.9,6,6.8,6,53,3,616.71,74.21
8.7,2,5.0,7,34,3,53.1,83.06
214.5,1,6.2,1,91,2,52.79,0.0
182.2,0,7.8,5,82,0,29.02,0.0
76.3,0,7.5,8,56,0,23.37,0.5
52.2,0,6.5,7,65,2,19.39,8.35
41.9,0,5.2,5,103,1,24.54,14.0
97.0,4,7.3,5,112,0,326.6,74.05
16.9,2,6.5,4,10,1,66.19,80.4
30.8,1,3.5,5,39,0,30.54,36.12
46.9,0,7.5,6,56,3,21.01,7.42
25.9,4,6.5,5,29,0,231.07,93.51
27.3,2,8.1,6,66,2,76.18,63.31
19.7,0,5.1,8,40,0,19.48,35.23
40.4,2,2.4,3,67,1,45.06,40.65
91.7,1,6.9,5,41,1,37.9,8.95
11.3,0,6.9,5,42,0,22.8,61.55
131.3,1,4.3,6,67,3,25.37,2.7
56.6,1,5.2,3,93,2,46.53,29.5
83.7,0,10.0,6,79,3,22.26,1.04
39.5,5,6.1,8,56,3,312.83,86.71
73.1,3,7.5,5,17,1,132.17,55.38
1.3,2,5.7,8,42,3,51.71,100.0
82.4,1,3.8,10,39,0,23.98,0.96
2.5,1,6.3,2,84,0,54.59,98.49
106.4,2,6.2,3,62,0,87.37,29.65
232.0,1,6.0,9,63,0,35.56,0.0
17.2,0,6.4,9,35,1,17.0,38.52
11.8,1,6.8,2,115,0,58.65,79.23
70.1,3,6.3,1,63,2,159.77,66.72
14.5,1,4.9,3,34,1,31.32,63.69
96.8,0,7.1,10,35,0,20.21,0.0
5.7,3,4.0,3,68,1,110.87,96.84
7.0,0,3.8,5,33,0,16.69,67.66
186.3,0,7.5,7,39,2,20.84,4.06
54.3,0,7.2,1,29,0,32.4,22.1
90.6,1,6.4,6,84,3,35.26,9.37
19.3,3,4.7,4,34,2,91.78,77.09
54.7,1,5.6,8,125,0,43.06,36.64
43.8,0,6.2,4,73,0,26.11,13.77
44.9,4,4.4,6,28,2,145.66,76.79
55.6,4,5.5,6,79,2,221.62,79.32
41.6,4,7.3,3,115,2,328.16,83.98
27.4,0,8.4,1,55,2,30.87,40.73
16.0,1,6.0,5,122,0,49.79,72.24
70.7,6,7.5,4,74,1,948.05,97.38
12.8,3,4.0,7,40,0,89.42,84.17
57.1,0,7.4,7,161,3,23.95,8.3
13.3,0,5.5,5,24,2,19.3,42.02
47.6,1,6.9,6,47,0,39.43,35.98
66.5,4,6.2,6,56,0,235.41,71.64
12.3,1,8.2,7,147,0,52.9,80.4
3.5,1,5.4,5,85,0,45.74,92.28
7.2,0,7.3,4,77,2,26.96,76.22
45.2,2,6.1,4,37,2,68.54,54.55
91.4,3,6.3,5,53,3,111.53,49.91
2.7,1,6.3,5,41,1,37.9,94.0
64.1,3,5.4,5,76,0,145.02,66.57
20.5,6,6.5,2,105,2,963.07,99.05
31.8,0,6.4,6,180,2,23.89,29.98
127.4,1,6.8,3,44,1,42.9,3.51
19.9,0,6.6,3,23,2,21.61,43.57
30.6,3,7.5,5,48,1,143.86,84.73
1.2,2,7.7,3,98,1,101.5,100.0
4.6,2,5.1,6,34,1,63.48,90.7
14.9,3,7.6,4,57,0,168.24,90.94
1.9,1,5.0,5,78,0,44.98,96.7
48.4,4,7.3,5,44,0,276.73,79.16
27.2,1,7.3,3,65,2,49.99,63.62
38.6,0,4.0,3,32,0,18.69,12.63
9.7,2,6.6,8,109,1,69.25,87.92
17.3,3,5.9,5,50,3,110.66,83.51
52.8,1,5.5,5,64,0,43.45,25.02
161.8,4,8.3,1,17,1,304.51,56.67
3.0,4,5.7,5,29,2,205.4,99.32
106.6,0,5.5,5,96,0,26.08,4.04
41.8,6,6.6,5,44,0,779.66,95.35
40.3,0,7.4,6,33,0,24.27,20.21
33.8,0,6.3,3,22,0,24.24,23.62
4.0,0,8.0,4,108,3,26.58,87.76
5.0,4,7.2,7,83,2,244.65,100.0
44.6,2,3.7,9,80,2,44.5,39.17
20.5,0,5.8,3,131,3,25.81,48.02
120.1,1,5.8,5,47,2,36.97,4.91
25.5,2,7.1,3,24,0,90.82,70.26
7.9,0,3.1,2,59,3,17.42,59.89
60.7,4,9.8,4,144,1,335.23,85.03
17.2,3,7.2,3,60,2,159.95,89.77
36.3,1,6.7,6,104,3,36.95,38.98
57.9,6,8.0,5,24,0,849.09,99.28
111.2,1,9.5,3,36,0,52.15,14.4
75.9,6,7.6,1,93,0,1296.7,98.72
54.7,2,7.7,7,63,1,74.88,48.5
55.1,2,6.7,3,54,2,76.09,45.65
140.5,0,6.3,6,103,3,20.48,0.0
17.3,4,5.9,4,92,0,286.94,91.33
0.6,1,5.4,6,64,1,38.14,100.0
15.7,0,5.6,4,10,1,20.43,49.14
12.3,0,4.7,2,58,0,21.33,58.0
52.5,2,6.4,3,73,0,89.8,60.06
48.7,1,4.3,3,18,0,32.35,15.12
43.7,2,6.7,5,71,3,64.85,53.03
1.3,4,6.5,6,105,0,265.04,94.92
63.1,0,6.7,4,58,1,23.29,6.63
19.3,3,5.8,1,31,2,146.87,86.59
53.0,0,10.0,5,11,1,22.27,11.58
39.5,4,8.3,6,72,3,229.66,85.0
20.6,3,4.9,9,19,3,62.59,76.66
7.4,1,6.8,6,80,0,42.85,82.03
5.3,2,5.7,5,140,1,85.05,96.44
86.0,1,5.2,5,37,0,40.5,12.53
120.8,1,4.8,8,51,0,27.08,0.0
50.9,3,7.1,7,144,0,171.39,71.09
5.7,1,5.6,4,61,2,40.55,86.36
25.2,1,7.8,3,44,1,49.33,63.89
63.2,1,7.8,4,98,0,57.38,34.86
73.1,3,8.3,5,46,0,154.55,58.23
6.5,1,5.4,7,36,3,29.66,79.83
0.5,0,7.1,5,79,0,28.81,100.0
60.3,2,7.3,2,102,0,117.88,60.35
21.7,3,5.9,6,36,1,114.88,81.64
14.6,0,5.5,7,64,3,17.73,45.61
1.1,0,8.6,4,52,0,28.48,98.88
37.8,0,6.8,6,57,2,19.99,13.49
91.9,1,7.3,5,31,2,40.73,12.23
152.2,1,5.4,8,82,0,39.02,0.87
40.5,3,4.9,7,124,2,97.37,68.49
35.2,2,5.8,5,35,1,67.13,59.79
4.8,2,6.3,6,82,2,68.9,94.96
38.7,1,5.1,8,96,2,35.85,31.32
23.4,3,6.5,5,64,1,130.35,80.69
45.3,1,4.3,4,80,0,35.86,31.58
24.1,6,5.0,7,38,2,614.77,95.88
13.7,2,7.4,3,121,0,115.47,89.81
5.3,0,7.3,4,102,0,32.17,83.74
18.7,2,6.0,8,108,0,74.62,80.98
5.4,1,5.2,6,28,1,34.69,83.46
9.8,2,5.2,5,75,2,71.44,86.71
210.2,0,6.0,3,39,0,25.4,2.78
28.7,0,7.3,4,126,1,31.43,44.23
36.9,4,7.7,4,36,0,286.53,86.08
99.8,0,5.9,3,65,2,24.15,8.46
260.6,3,5.0,7,14,0,110.93,10.64
42.5,0,6.8,4,65,2,22.75,11.8
80.8,2,5.4,5,28,1,65.85,30.61
19.5,2,5.8,4,77,3,69.62,74.23
18.0,1,8.2,10,53,0,38.15,63.91
25.2,1,7.6,4,46,0,50.46,60.54
54.1,0,6.7,2,128,0,33.53,20.18
55.5,0,4.8,2,167,3,20.73,3.68
18.7,1,6.8,6,23,3,30.1,57.2
7.4,2,7.9,6,47,0,81.63,87.29
48.5,5,6.0,5,89,2,430.93,85.47
7.1,4,8.3,5,70,2,262.93,98.62
42.0,3,8.2,2,87,1,189.7,85.75
57.2,3,8.7,5,55,1,146.5,66.44
58.4,2,6.9,5,104,0,86.08,53.19
67.7,0,7.3,3,64,0,31.17,15.15
99.5,4,8.3,2,73,3,290.47,73.85
33.8,2,7.1,2,28,3,79.72,64.36
63.4,2,5.8,2,60,2,82.32,42.48
46.8,0,5.9,6,90,0,24.38,6.94
10.4,1,6.8,3,68,0,49.28,80.05
1.7,1,4.8,4,150,2,35.99,99.51
16.6,4,6.3,3,62,3,230.66,89.12
28.6,1,7.9,9,75,3,34.33,45.92
46.6,1,3.7,8,64,2,24.88,12.04
91.5,6,8.5,3,56,2,923.32,90.94
11.0,0,8.0,4,91,0,31.36,72.89
6.9,1,5.9,3,54,0,47.56,84.19
159.4,0,7.2,5,27,3,20.51,0.64
6.0,3,6.5,1,125,2,184.76,95.35
31.7,4,8.1,6,40,0,259.6,90.97
42.8,0,7.8,5,22,0,24.82,18.66
37.9,4,4.7,8,80,2,150.96,78.0
4.8,0,7.3,3,133,0,36.58,93.16
3.3,4,6.2,7,81,0,238.18,100.0
5.9,3,6.6,7,115,1,132.58,93.23
42.8,3,5.6,2,33,2,138.01,73.04
38.2,0,8.8,4,27,2,23.67,19.65
13.3,6,7.9,3,47,0,1014.73,98.98
49.2,2,5.5,4,100,2,80.2,62.98
82.8,1,4.8,4,77,0,35.6,11.07
2.5,3,6.0,5,80,0,146.44,91.18
33.6,0,7.1,5,62,2,24.55,23.55
56.6,4,6.8,9,48,2,177.37,65.92
14.5,0,8.1,2,63,2,29.44,59.96
18.2,2,7.5,9,53,2,63.78,68.22
46.1,1,7.8,3,46,1,49.59,36.42
110.0,0,6.9,7,71,0,22.14,0.0
80.2,0,4.7,4,50,1,17.11,2.27
42.5,0,6.2,3,67,0,27.31,21.09
63.4,1,7.9,8,15,0,37.63,19.61
22.3,1,6.4,4,64,3,37.45,54.77
49.7,2,7.2,6,50,1,76.18,47.2
30.6,0,6.1,5,119,3,22.39,27.29
10.6,0,5.2,5,21,2,19.13,64.19
58.6,3,6.3,5,61,2,124.19,63.82
39.5,0,6.9,7,90,1,21.46,14.39
21.8,4,5.6,2,54,1,273.6,87.34
116.8,4,6.2,6,49,1,214.06,54.77
1.5,2,5.3,8,90,0,71.58,99.51
18.7,2,8.0,2,76,2,98.52,86.47
3.3,4,6.1,3,79,0,295.25,99.8
70.3,0,8.4,6,46,0,25.13,8.89
58.6,0,8.5,5,43,2,23.37,10.62
19.8,0,6.4,5,67,0,24.32,46.08
54.5,3,5.2,3,94,3,138.51,65.17
24.7,0,3.8,5,25,3,13.3,16.23
68.3,2,4.6,2,55,3,55.88,26.49
29.6,7,4.7,5,44,1,974.58,97.07
26.0,4,8.3,7,59,0,259.36,91.62
131.5,1,6.7,4,86,3,39.52,9.47
14.4,0,7.0,5,35,1,23.83,50.06
6.7,3,3.6,10,81,3,70.45,92.61
42.7,2,4.9,6,47,3,43.38,42.55
167.7,0,7.7,7,102,3,22.34,2.71
23.3,0,6.9,5,37,0,22.5,38.41
3.6,4,6.3,7,93,1,226.93,100.0
20.4,2,7.2,1,26,3,84.83,83.17
34.3,3,8.6,2,65,0,194.15,80.0
9.0,4,6.2,3,82,0,297.4,92.17
52.0,2,6.6,5,37,1,67.49,46.26
293.1,1,6.8,7,13,3,27.82,0.0
29.3,1,9.6,4,44,2,44.62,56.16
21.5,1,3.8,6,59,1,28.25,50.99
25.1,1,7.4,6,49,0,45.59,56.14
6.4,3,6.4,6,42,2,112.07,93.15
103.6,2,7.2,4,91,3,82.79,28.36
26.2,4,5.6,5,107,0,280.81,91.27
24.0,1,6.4,4,104,1,46.84,60.35
52.2,2,7.4,2,74,3,89.87,57.9
28.5,2,10.0,10,80,2,65.31,64.03
50.6,2,7.6,2,33,2,88.17,59.64
3.5,2,5.4,2,56,2,81.49,97.36
81.2,0,5.9,8,62,1,19.1,0.0
135.9,1,5.9,4,68,0,46.42,10.03
50.7,0,4.2,6,68,2,15.41,0.0
148.9,1,6.1,4,59,2,40.34,2.17
8.4,1,7.5,4,74,3,44.15,86.06
31.7,2,4.8,4,66,3,50.81,51.06
44.7,5,7.9,4,66,1,516.35,92.79
42.3,2,7.1,5,39,1,78.04,60.06
25.1,3,5.5,6,29,2,108.19,76.28
20.3,1,6.3,5,68,2,39.01,59.18
7.0,2,8.6,9,46,2,62.62,88.88
24.4,0,7.5,1,40,2,29.68,42.01
9.0,0,6.5,5,83,3,20.61,72.67
64.1,1,6.2,6,56,0,40.37,17.76
11.7,1,6.6,8,116,1,39.08,77.65
3.4,0,5.8,1,78,0,31.99,88.54
39.1,0,3.8,5,37,1,15.62,4.38
43.9,0,9.2,8,83,0,24.99,17.62
99.1,6,6.7,3,72,1,870.71,91.51
41.8,1,7.0,8,36,1,36.94,35.48
20.8,1,6.4,1,42,0,52.53,72.77
78.5,0,5.5,7,81,1,21.01,12.69
37.8,2,6.3,9,19,0,56.9,52.34
4.5,0,4.4,6,14,0,15.0,71.77
40.5,0,9.5,5,64,2,24.67,20.96
115.0,1,4.9,1,61,1,38.33,4.05
24.7,0,5.2,8,67,0,20.89,33.9
17.4,0,5.9,5,61,1,22.18,41.1
7.9,0,8.2,1,73,2,32.3,86.59
8.4,0,6.5,6,108,0,25.42,74.86
27.7,0,4.9,5,58,2,15.85,11.52
44.0,1,8.1,2,23,0,53.6,41.53
4.5,3,7.5,3,17,0,160.27,100.0
135.2,2,7.2,2,48,1,95.61,28.43
68.0,1,7.4,5,49,1,44.52,17.26
42.9,0,9.6,6,26,2,21.16,15.66
85.1,5,9.3,5,12,2,405.22,74.24
4.5,1,5.6,7,46,3,30.47,85.96
31.6,0,8.6,8,133,1,25.91,33.43
48.2,2,7.0,6,72,0,86.99,55.53
85.2,0,7.1,1,69,2,31.98,1.69
73.9,1,4.3,6,53,0,30.04,9.06
16.1,1,6.3,5,48,1,38.61,63.79
136.3,4,5.4,5,76,0,261.04,61.53
6.9,1,7.6,6,28,0,43.08,82.1
100.4,2,7.9,4,151,3,91.05,30.49
170.3,7,3.8,8,29,2,771.78,73.13
9.9,0,6.5,3,79,2,25.0,67.9
62.0,0,8.0,6,31,1,22.35,5.67
2.5,1,6.3,1,62,0,55.33,91.42
25.5,1,7.4,8,84,0,45.08,57.48
35.4,1,7.0,2,21,0,53.3,55.07
42.2,4,6.9,2,33,1,258.77,84.2
132.4,2,6.1,4,35,2,68.17,15.28
54.0,2,4.9,4,50,2,53.21,37.2
32.0,1,5.0,3,67,0,49.15,47.94
80.1,3,7.4,6,134,3,146.89,65.17
144.8,5,6.5,5,42,2,382.98,66.87
1.6,3,6.3,1,130,1,194.56,100.0
194.7,0,5.9,4,71,2,23.1,2.71
4.8,2,6.1,7,29,1,59.52,91.76
81.3,0,7.9,6,53,0,25.59,6.3
16.3,0,6.1,6,24,1,19.06,43.38
7.3,0,4.8,6,48,2,14.64,55.78
28.3,2,7.5,4,46,0,90.83,72.07
50.1,2,6.2,2,63,0,93.32,56.31
23.5,0,6.5,4,80,0,26.56,39.67
3.2,1,8.6,7,55,0,44.02,88.42
44.4,1,6.5,10,31,3,25.49,21.46
112.2,1,6.9,5,115,2,43.58,13.22
23.7,0,5.0,1,139,1,33.6,52.82
12.2,1,6.2,3,52,0,47.31,81.72
28.6,3,7.3,4,69,1,160.56,82.48
2.9,0,4.5,5,51,1,16.21,81.4
82.9,0,6.8,2,63,0,28.8,2.9
84.5,1,6.6,9,65,1,33.09,10.04
43.1,5,6.6,4,26,1,404.02,90.68
21.4,2,7.8,8,48,2,65.91,72.01
77.7,2,6.9,7,98,2,68.03,36.44
39.3,1,8.4,7,93,0,48.33,45.76
84.4,2,5.2,6,48,1,65.89,24.85
48.4,0,6.7,6,66,2,20.45,6.99
74.1,2,6.6,6,50,1,66.24,35.06
44.3,4,5.1,6,81,3,204.14,84.14
26.2,2,7.7,5,20,2,71.09,71.11
152.6,4,9.5,10,76,0,235.74,58.98
37.9,2,6.5,7,119,0,80.25,68.08
45.1,0,7.2,7,38,2,20.79,12.96
12.5,4,6.6,8,111,0,243.43,92.06
47.7,0,5.6,3,67,1,25.28,10.57
41.2,1,4.1,2,55,3,31.04,25.17
10.3,0,5.6,5,48,1,21.45,64.5
3.4,0,4.7,5,113,1,18.83,89.87
45.0,1,8.7,7,50,2,38.62,32.65
69.7,0,6.4,5,129,1,26.01,10.95
36.1,1,6.1,5,121,1,46.0,44.76
12.8,2,7.7,5,44,3,69.59,85.38
53.2,0,5.0,1,52,1,27.74,17.58
4.5,0,5.5,6,16,3,16.4,69.07
28.5,2,6.6,7,56,3,56.29,58.82
9.1,1,7.8,3,60,0,55.54,88.21
10.3,2,7.2,6,103,0,93.64,90.54
11.3,2,6.8,6,125,0,85.54,83.44
24.0,3,6.6,3,85,0,166.41,78.06
3.0,2,7.0,2,99,0,117.07,96.19
24.8,1,6.8,10,52,2,29.41,42.78
34.9,2,5.2,4,27,0,75.03,59.71
32.2,0,6.6,3,67,0,27.31,31.25
23.7,1,5.1,3,102,2,47.51,62.5
88.2,3,6.6,6,8,0,114.66,48.68
8.0,1,5.9,6,62,2,36.43,72.04
34.3,3,9.8,6,18,0,135.72,73.07
3.6,3,6.4,2,37,0,156.96,96.67
4.0,4,4.7,8,63,2,144.75,99.28
41.4,4,6.3,4,126,2,275.45,87.76
40.6,1,7.2,4,59,3,42.53,40.14
101.5,1,8.7,5,82,2,46.43,9.89
39.7,2,5.7,4,67,2,74.09,57.37
154.8,1,4.4,8,38,0,26.16,0.0
2.9,2,7.6,8,74,0,79.21,99.09
5.5,2,4.7,4,27,2,50.02,86.37
2.7,2,5.9,8,58,2,58.82,98.49
10.3,1,6.2,7,112,3,35.77,75.71
37.9,0,6.4,9,64,1,18.34,12.5
50.3,1,7.4,3,67,1,52.34,35.95
2.7,0,5.6,5,48,2,20.59,82.97
140.6,4,6.1,4,21,0,239.04,53.27
89.1,1,6.5,7,51,3,30.87,4.42
17.4,0,6.7,1,91,3,26.89,44.06
4.4,0,6.6,5,72,1,22.8,81.76
9.4,2,7.1,4,28,2,76.91,91.73
7.0,2,7.6,4,17,2,74.57,93.02
6.8,1,7.0,6,38,0,44.27,84.03
35.6,0,7.1,8,51,3,18.79,15.21
14.0,1,4.4,6,53,1,27.82,58.51
21.8,1,6.6,8,54,2,32.34,51.49
219.2,2,7.1,4,58,0,93.7,15.03
55.8,2,7.4,5,73,3,74.94,50.88
143.3,1,5.6,5,46,1,38.41,4.22
7.9,0,5.6,1,33,0,28.49,74.06
23.6,6,5.8,5,77,3,690.84,99.27
39.3,1,7.2,6,92,0,50.71,40.17
4.3,2,7.8,6,42,0,80.55,93.92
0.7,0,6.0,7,151,3,20.82,98.74
53.8,1,7.7,5,122,3,46.66,34.16
49.8,0,6.7,2,29,1,24.38,15.31
25.9,1,6.3,2,18,2,40.85,54.08
32.8,6,6.2,6,53,1,700.8,94.74
26.3,1,7.5,4,67,0,53.26,62.91
1.7,0,6.9,2,150,0,33.91,91.78
20.1,0,9.5,5,148,2,28.98,47.02
9.9,1,5.4,5,82,2,40.37,78.47
5.5,0,7.2,4,47,2,24.99,80.85
151.2,0,5.8,6,106,2,22.49,0.0
44.4,3,5.4,6,62,0,132.8,73.17
63.1,1,6.5,4,25,1,38.38,22.02
18.7,0,6.7,7,26,0,19.68,38.39
24.5,4,10.0,6,47,1,244.88,98.79
13.5,0,6.3,6,96,1,22.9,53.07
5.4,5,5.0,5,31,3,340.77,97.16
10.0,1,6.9,1,47,1,49.29,80.26
77.2,4,3.8,6,122,0,206.49,68.54
54.8,2,6.4,4,72,0,84.4,51.09
38.5,3,6.5,9,139,2,120.59,67.74
31.4,6,7.5,7,76,2,779.34,94.14
123.2,0,7.8,6,98,0,28.57,1.0
4.1,6,5.8,4,47,0,831.32,100.0
16.3,1,6.3,3,126,2,50.13,79.95
21.2,1,5.5,4,84,0,48.28,69.13
73.7,1,5.0,5,54,2,37.65,11.41
235.5,1,6.9,4,113,2,45.89,0.0
13.7,0,4.8,5,82,0,18.92,47.93
100.0,2,6.0,3,57,0,86.26,37.62
85.7,1,5.2,9,77,3,30.0,5.17
12.7,3,7.2,2,35,1,166.23,88.0
25.0,3,8.8,9,106,1,135.99,81.45
25.8,1,4.8,8,149,2,29.23,44.01
184.2,1,4.1,5,21,3,23.68,2.46
10.1,0,6.3,6,42,3,17.62,55.66
77.6,0,6.5,5,40,2,20.16,4.52
20.0,0,6.8,6,87,1,22.42,33.02
63.5,1,5.9,4,65,0,46.08,25.57
26.6,0,6.2,4,45,2,21.61,32.22
42.0,6,7.0,5,49,1,841.2,92.21
86.3,2,7.9,5,43,1,78.87,30.56
78.8,1,4.0,5,81,3,27.69,0.0
97.1,2,6.0,4,65,0,82.94,36.58
3.5,0,6.8,4,48,1,22.69,83.19
57.0,1,5.3,2,43,0,49.23,32.26
7.7,2,8.8,2,115,1,112.41,95.49
26.3,1,5.7,4,104,0,50.59,64.75
38.7,1,6.4,2,81,0,54.2,48.43
25.2,7,7.2,2,99,0,2212.06,96.98
35.7,4,5.7,7,26,2,183.61,82.94
272.3,2,4.1,1,31,2,61.19,5.66
7.5,2,5.9,6,29,1,62.61,88.12
54.5,2,7.8,4,58,3,76.35,45.64
24.7,0,6.1,8,100,1,20.94,25.35
7.4,1,5.4,5,46,0,41.48,79.39
8.8,0,7.7,4,108,3,26.58,74.84
143.6,1,6.1,5,42,0,41.04,1.9
102.1,1,5.8,4,54,3,36.51,3.98
114.5,0,6.7,5,45,0,22.98,0.0
229.5,6,7.5,2,52,3,892.48,77.62
11.7,4,9.6,10,55,0,223.65,94.06
21.6,2,7.6,5,18,3,64.8,70.7
53.6,1,8.0,4,70,1,49.68,38.72
32.2,4,5.8,6,54,3,190.83,89.86
26.5,0,5.2,4,126,0,29.52,35.11
21.8,3,6.6,7,79,1,121.93,84.77
43.7,0,6.6,5,69,3,19.92,8.42
41.6,3,5.1,6,122,1,141.63,73.68
9.0,0,6.3,2,115,2,28.96,74.37
31.1,4,7.0,7,129,2,271.68,88.44
39.2,5,7.0,7,43,1,414.65,91.79
41.0,0,7.2,3,28,2,25.19,22.0
11.8,1,6.9,3,18,1,39.94,75.45
65.6,6,5.8,4,98,3,768.21,89.55
1.7,1,5.8,9,16,0,31.34,92.52
21.5,4,4.9,4,65,0,201.54,84.84
73.2,2,8.8,5,22,3,65.54,29.74
40.3,1,6.5,1,105,3,49.99,51.52
15.0,0,6.2,4,76,1,24.36,51.25
57.5,0,5.3,5,105,2,23.67,4.63
40.7,3,10.0,9,66,0,133.5,74.84
76.9,1,5.1,5,33,0,40.06,14.28
64.2,1,5.9,7,45,1,34.53,14.89
45.7,1,7.0,5,93,1,49.64,44.76
32.6,2,7.3,1,21,1,95.06,72.89
7.4,4,7.7,4,43,0,291.97,95.64
15.0,6,8.8,5,39,3,720.89,96.46
26.6,1,7.2,9,55,3,32.65,42.52
44.4,3,5.1,8,81,2,112.09,70.36
35.1,3,6.2,3,104,1,161.09,79.34
16.8,2,6.9,3,24,0,78.97,74.56
0.8,5,9.2,3,34,2,483.97,99.67
33.4,0,4.7,8,26,2,12.5,1.53
16.6,0,8.1,8,57,0,23.43,56.88
64.2,4,6.7,7,28,3,169.25,65.05
1.7,1,7.6,4,70,2,47.69,95.93
42.7,3,6.4,5,111,3,128.27,72.59
136.7,4,5.4,5,18,2,199.16,49.33
9.7,0,7.5,4,35,2,24.2,65.96
31.1,4,7.4,5,129,1,313.95,92.05
5.1,1,7.8,1,64,3,52.11,96.02
47.7,1,6.5,3,43,3,37.65,30.85
38.9,2,5.7,8,180,0,78.91,66.26
25.6,5,4.5,7,49,0,296.71,88.07
35.9,0,7.6,5,79,1,26.67,27.14
109.4,1,7.1,5,36,2,41.28,7.61
11.0,2,5.2,4,32,3,61.98,84.97
1.6,2,5.8,7,81,0,73.51,100.0
95.4,2,5.9,7,136,1,76.66,28.04
41.8,0,4.6,7,44,1,14.35,4.01
106.7,0,5.4,6,31,3,17.1,2.06
44.1,1,5.0,3,97,2,46.97,32.88
80.3,3,6.0,4,44,2,125.71,51.96
27.5,0,5.5,5,71,1,22.74,29.38
67.0,0,4.4,4,43,1,16.8,0.0
117.7,5,9.1,7,48,0,453.77,80.85
41.2,0,8.1,4,34,0,27.15,18.21
10.1,7,5.5,3,83,3,1416.64,98.81
15.5,2,6.9,4,72,2,75.02,82.36
11.1,3,7.0,9,70,3,109.87,95.13
14.1,0,8.0,3,38,3,23.73,55.17
18.1,0,5.4,6,68,1,21.4,46.21
39.4,3,7.9,5,145,2,169.01,81.66
43.1,3,5.8,2,31,3,125.82,71.43
27.2,3,4.8,5,36,2,87.24,69.4
46.4,0,7.4,6,37,0,24.53,10.06
4.6,3,8.2,5,61,1,148.77,97.33
4.9,3,9.9,8,29,0,126.82,94.31
9.5,2,4.9,4,76,3,52.09,86.54
35.5,3,7.4,2,17,2,151.78,81.76
12.1,3,6.0,9,88,0,122.48,89.95
16.5,2,7.5,4,70,2,85.85,78.46
25.0,0,4.6,5,143,2,18.9,28.43
80.7,1,4.9,7,32,1,25.01,0.4
1.2,0,5.5,4,99,0,27.78,93.12
50.8,1,6.6,6,54,2,35.7,20.67
53.6,1,5.7,3,48,1,43.35,28.56
77.4,0,7.4,4,31,2,23.93,8.04
130.1,1,7.8,3,44,1,49.33,7.14
1.5,0,7.3,7,45,3,19.41,91.01
8.5,3,8.6,3,22,1,150.51,89.17
104.8,5,7.0,6,69,1,466.28,81.8
29.9,0,4.9,9,65,3,12.13,5.78
40.4,5,8.3,5,79,1,504.0,92.71
52.7,1,5.7,5,41,0,40.93,26.36
55.1,0,7.7,5,90,0,29.58,18.45
129.4,0,8.5,4,114,2,29.39,0.67
278.5,1,7.1,5,50,2,42.85,0.0
61.6,3,4.6,6,32,2,81.82,48.8
16.8,2,5.3,10,60,0,60.8,83.23
102.2,0,8.2,9,58,0,22.43,4.16
2.9,0,6.3,8,52,0,20.11,86.26
13.1,1,6.6,8,79,1,35.86,69.41
109.8,0,7.5,5,47,1,24.6,0.0
14.7,0,7.4,6,30,1,22.28,48.38
12.5,0,6.9,8,63,1,19.15,50.13
7.6,3,6.2,4,81,3,126.53,91.47
94.6,5,6.1,9,84,0,393.08,80.9
33.8,1,7.6,5,45,1,44.05,42.68
54.4,4,7.2,6,67,2,247.45,84.93
13.6,1,6.2,6,116,1,43.14,75.59
68.6,1,7.9,9,115,2,41.12,18.93
69.0,0,6.3,3,101,3,24.14,5.74
18.5,2,5.4,7,21,3,51.23,67.74
25.9,6,5.5,5,47,0,785.86,97.7
11.8,2,5.2,4,111,3,75.38,89.32
180.7,1,6.1,7,21,1,32.34,0.0
50.3,2,8.1,5,55,0,87.9,51.06
131.4,0,5.5,6,40,1,19.91,2.6
17.9,4,6.7,4,68,3,220.61,93.34
73.6,1,5.6,5,13,1,35.07,8.34
70.2,1,6.2,6,106,0,45.55,18.85
57.0,2,4.5,5,57,2,51.22,29.86
162.3,2,6.2,3,29,0,80.08,10.64
24.5,0,6.2,9,37,0,18.46,25.39
7.2,2,7.2,5,70,0,91.3,91.48
54.0,0,6.8,7,35,0,20.17,4.6
63.2,2,4.9,5,133,0,68.84,37.28
41.6,3,7.9,4,53,0,166.51,77.09
11.6,3,6.8,5,121,2,143.08,92.8
34.2,2,6.8,5,63,0,78.01,63.4
18.5,1,6.5,5,83,0,45.53,70.66
27.3,0,5.8,5,80,3,20.46,28.11
50.2,3,6.8,5,43,1,123.46,61.02
66.1,0,7.1,3,83,2,29.03,12.09
13.2,1,4.2,5,45,0,31.03,67.47
25.4,0,5.8,3,20,0,24.1,33.34
15.6,0,6.2,2,51,0,27.93,51.97
11.1,2,6.8,9,27,0,58.19,82.66
73.9,0,8.1,6,44,0,24.99,5.17
115.7,3,5.5,6,56,0,130.79,37.36
22.7,1,5.9,5,33,0,40.06,51.66
67.3,0,5.8,8,77,0,21.41,4.01
109.6,1,5.5,6,45,1,36.32,4.08
90.3,0,6.0,7,26,0,19.68,0.0
10.2,0,7.5,4,33,1,25.07,66.28
150.8,2,5.1,9,61,1,58.97,3.89
23.2,0,7.1,7,49,2,21.4,32.3
20.4,3,4.3,8,67,0,91.38,81.86
3.6,0,5.8,3,61,2,23.91,84.8
32.5,0,6.1,4,31,2,20.81,15.13
6.0,3,8.7,4,40,0,160.91,94.69
14.2,1,6.1,4,89,3,39.81,66.25
18.8,0,3.6,8,34,3,11.72,21.03
79.9,1,3.9,1,122,0,47.8,19.91
100.5,0,6.5,2,23,0,25.9,0.0
17.8,3,7.3,4,88,2,161.42,92.22
94.4,1,7.0,3,54,2,48.61,10.45
93.9,3,6.7,3,31,0,144.93,57.77
69.9,4,8.0,7,60,0,260.03,76.26
8.1,1,5.8,5,35,1,37.29,76.11
56.8,4,7.7,1,41,1,325.37,79.98
139.7,1,4.4,5,46,2,27.65,1.86
55.6,6,5.3,5,84,1,798.44,91.9
19.8,0,4.2,2,39,1,18.79,34.53
33.8,2,6.1,6,65,2,66.08,65.6
50.3,1,6.4,6,86,0,43.48,29.0
34.8,1,6.6,6,59,0,40.68,42.72
6.6,2,6.6,6,70,2,66.91,95.58
18.5,2,5.3,1,56,3,79.92,80.28
78.3,0,6.3,9,76,1,18.89,0.0
95.4,0,4.6,7,26,1,13.66,1.86
7.6,2,8.3,8,116,0,87.37,87.6
146.6,2,6.1,1,38,1,86.62,23.33
19.6,6,5.9,9,54,1,608.03,93.95
52.6,3,8.6,7,16,0,128.3,76.76
67.4,5,4.9,7,42,0,291.28,84.48
80.7,2,5.0,2,66,1,87.06,36.79
140.4,0,5.1,7,125,0,25.1,0.44
18.5,0,6.4,9,78,0,20.5,43.2
94.4,3,7.1,6,44,0,145.77,55.07
7.3,2,7.5,5,21,0,80.2,92.85
59.1,0,9.8,9,109,0,25.36,14.1
65.5,1,3.6,5,43,3,25.15,6.96
54.9,5,7.3,6,66,1,462.8,87.53
14.5,1,5.8,5,44,2,36.68,66.13
99.6,1,5.7,9,71,2,32.25,7.56
9.4,1,5.7,2,107,1,53.33,85.12
3.1,0,5.3,5,84,0,25.35,89.51
61.2,1,8.7,6,49,1,42.21,26.24
31.5,1,7.6,7,111,1,46.64,43.71
91.3,0,6.5,6,139,2,23.89,3.28
23.7,3,8.3,8,95,1,138.82,85.07
9.3,1,4.5,9,45,0,25.46,75.24
87.4,3,4.8,2,88,0,133.93,46.72
38.7,4,3.7,5,94,1,189.25,86.96
10.6,0,5.6,1,49,2,26.43,67.22
61.7,2,6.7,4,139,1,89.97,52.08
34.9,1,6.6,5,104,1,44.28,51.33
45.0,4,6.7,8,51,3,171.56,78.89
30.2,0,4.7,7,45,2,13.81,12.63
85.2,2,7.5,2,93,0,115.44,48.65
85.4,2,6.8,2,159,0,109.88,44.28
59.8,0,7.5,6,27,0,23.87,8.06
5.8,0,4.0,5,72,0,18.47,70.54
88.1,2,6.9,4,87,0,87.52,36.39
53.9,3,5.0,8,106,0,133.72,58.65
57.8,1,6.0,8,88,0,39.58,24.72
22.1,2,7.2,5,43,0,85.18,76.72
102.0,1,6.6,8,25,3,27.43,1.25
62.5,2,5.4,4,48,0,79.4,46.28
6.2,0,6.5,7,86,1,21.26,69.69
25.6,4,4.5,5,41,1,165.78,92.44
104.9,0,8.0,2,115,3,30.53,2.86
2.8,1,6.2,8,53,0,36.29,92.06
156.7,0,8.0,5,39,1,24.09,0.0
55.1,0,5.8,7,77,3,18.31,5.02
48.4,1,5.8,4,50,3,36.13,31.05
15.6,0,5.5,1,44,2,26.08,58.61
14.2,3,7.6,2,149,0,227.45,96.94
137.2,0,5.6,5,41,0,22.74,2.15
17.5,1,7.3,6,47,2,40.31,63.53
72.2,1,6.0,4,77,3,38.68,10.39
24.5,0,3.9,6,114,1,17.89,24.73
7.7,0,5.8,6,73,1,21.67,69.27
1.0,1,5.0,6,60,0,40.78,100.0
38.2,1,6.5,5,158,2,45.36,44.16
179.1,1,5.0,8,46,0,35.63,6.3
22.6,1,7.7,5,46,0,47.7,66.46
21.7,2,6.4,5,41,1,68.22,71.16
20.7,0,6.3,3,71,1,25.54,38.18
35.8,1,7.4,4,34,0,48.87,52.91
28.4,6,7.8,1,29,0,1102.04,100.0
102.2,1,6.5,6,47,2,35.05,0.63
34.3,2,5.5,3,21,0,78.31,69.81
34.5,1,4.2,4,66,1,32.08,35.45
7.6,3,5.6,7,71,0,129.13,94.85
195.3,3,5.7,4,78,1,142.74,31.11
14.3,1,6.6,3,90,1,48.13,79.0
4.2,6,6.1,3,48,0,884.69,100.0
52.7,0,7.4,7,107,0,27.73,16.61
43.9,0,5.7,2,102,0,31.64,27.12
26.2,3,6.4,5,31,0,129.08,80.23
26.8,3,8.0,5,56,3,129.25,81.08
74.3,0,6.9,6,12,0,19.89,0.0
11.0,0,6.4,6,108,2,22.6,60.29
82.9,0,5.7,7,89,0,23.13,1.49
50.7,0,5.7,1,121,2,31.4,17.68
26.6,3,5.4,4,22,2,118.38,80.35
29.9,1,5.8,4,75,1,43.74,49.34
14.7,1,7.5,3,42,1,49.07,75.87
67.4,1,6.2,4,16,1,37.42,10.83
35.0,0,4.7,4,96,0,20.69,18.03
19.1,0,8.8,5,27,3,20.51,39.87
44.0,2,6.9,6,69,2,66.74,50.64
262.4,6,4.7,4,42,3,501.35,58.65
27.9,3,5.9,6,63,0,133.14,75.55
122.2,0,6.6,4,91,2,24.24,1.89
20.8,4,8.7,4,63,3,250.54,94.3
3.2,3,5.1,5,34,0,130.14,99.3
11.5,3,7.8,1,151,0,243.38,99.02
26.5,1,8.3,2,48,2,50.99,60.18
12.4,1,5.7,5,38,1,37.6,73.58
0.5,1,6.1,9,55,2,30.97,98.94
118.8,0,5.2,6,23,0,20.52,2.71
89.6,0,6.2,2,40,2,24.12,0.0
65.6,0,6.5,7,50,0,20.99,1.27
9.3,1,7.4,7,66,0,45.27,86.98
6.7,3,7.9,6,59,0,151.56,87.06
3.9,1,5.5,7,75,2,35.78,89.18
62.3,0,3.9,5,56,2,15.77,6.03
127.3,5,6.5,3,101,1,518.34,77.9
27.5,5,6.9,5,82,1,441.45,92.54
6.6,3,6.8,5,72,3,117.01,94.97
35.0,7,6.1,5,110,1,1526.72,96.5
21.1,1,6.7,5,110,2,43.09,61.39
23.0,6,8.5,9,61,1,711.88,94.43
47.1,0,7.0,8,47,1,21.14,14.65
61.4,1,6.0,8,65,1,34.65,21.98
6.1,0,5.8,7,53,0,21.16,74.48
2.2,0,6.3,9,46,2,16.81,82.88
248.8,0,8.6,2,63,1,30.67,0.0
13.2,2,6.3,4,70,0,83.98,84.81
3.2,3,6.5,5,79,3,119.03,99.12
10.6,2,5.9,7,119,1,74.31,83.18
2.4,0,7.9,5,67,1,25.9,88.46
24.4,3,9.0,7,57,3,116.81,82.94
78.3,2,7.1,3,95,2,96.77,47.81
20.5,1,6.6,4,36,0,42.72,59.71
28.7,2,6.5,7,21,3,51.23,52.44
54.5,0,3.4,3,74,2,18.52,16.77
34.6,1,7.5,4,48,0,50.73,53.3
95.4,4,6.7,4,50,0,258.61,68.21
97.0,0,7.1,4,35,2,24.2,4.86
1.0,1,5.6,6,105,2,40.4,97.12
72.8,4,6.0,4,21,1,221.33,75.01
30.1,2,6.0,5,78,3,65.97,63.92
216.3,0,7.8,2,57,2,29.0,0.38
32.2,0,6.0,7,123,0,24.99,27.17
208.6,0,9.2,4,95,0,31.66,0.0
67.9,2,7.1,6,30,0,77.98,48.65
14.2,1,4.8,6,82,2,28.71,57.68
37.6,0,6.3,3,73,0,27.72,20.99
233.1,5,5.7,8,55,1,354.58,51.07
94.0,1,3.6,6,78,2,28.43,0.3
5.4,0,8.6,5,40,3,21.25,77.38
59.3,1,7.4,3,60,0,55.54,36.79
20.9,2,7.2,9,58,2,64.61,75.84
0.8,0,6.7,7,36,0,20.22,98.97
25.3,0,4.7,3,48,2,17.34,22.18
13.3,3,5.9,4,43,0,141.05,91.17
82.5,1,7.6,7,70,1,42.33,15.67
20.3,1,5.1,6,108,2,40.67,54.56
84.9,1,3.2,7,26,0,26.56,6.09
0.5,0,6.2,5,71,0,24.56,92.88
18.2,0,6.3,6,43,2,19.27,46.03
13.7,1,6.7,4,92,2,43.73,71.69
13.3,0,7.4,3,71,2,28.19,61.74
3.9,0,7.3,6,22,2,20.92,80.3
10.4,3,6.8,9,63,1,106.68,88.51
39.4,6,8.1,4,53,0,971.1,100.0
17.0,3,4.5,5,27,0,95.75,87.02
26.4,4,7.2,6,43,0,261.69,84.98
23.2,0,7.3,5,62,3,22.5,40.93
100.7,6,4.9,7,44,1,488.05,85.53
113.6,0,4.5,7,98,1,16.4,0.0
33.1,5,5.5,2,53,1,491.22,94.56
19.7,7,5.6,10,41,3,890.83,97.76
5.9,2,7.5,7,64,0,81.07,99.88
147.7,6,5.7,8,68,1,659.61,77.15
3.5,2,5.4,6,92,1,73.5,95.86
17.5,0,5.7,8,59,2,18.2,36.73
17.5,1,8.0,2,67,0,60.22,69.77
19.0,2,6.5,4,48,3,64.7,82.22
9.1,0,6.3,8,124,3,19.45,58.49
73.9,2,6.4,3,71,1,82.74,41.71
6.8,6,8.2,2,62,2,998.89,93.23
48.9,0,5.5,7,44,3,16.84,4.08
6.8,3,8.2,7,99,2,141.14,96.77
4.0,4,6.8,3,20,0,253.0,95.54
115.8,5,6.3,8,64,1,362.8,74.73
10.6,6,9.8,6,40,2,747.65,97.65
83.1,1,5.1,5,88,1,42.66,18.32
38.3,6,6.0,7,68,2,664.44,99.16
4.4,3,4.9,5,63,3,85.81,92.95
149.8,0,7.7,3,32,3,23.35,0.43
14.1,1,8.7,4,55,1,47.83,75.11
94.8,2,8.7,5,70,0,91.3,37.57
9.4,0,8.1,5,92,3,24.21,67.88
92.8,2,6.2,7,75,2,64.4,24.33
1.1,2,6.0,7,88,0,74.75,97.69
34.9,0,4.3,6,24,3,12.58,6.64
70.9,2,9.1,7,62,3,65.73,38.55
131.6,3,7.1,3,94,1,181.01,50.6
115.7,1,5.9,2,13,1,41.95,8.8
82.7,0,8.2,8,51,1,21.36,4.61
105.7,0,5.2,2,70,0,29.31,2.18
11.2,1,7.0,3,101,0,61.33,84.42
16.5,5,6.3,6,61,2,381.5,91.97
16.9,0,7.3,5,57,0,27.27,58.25
23.2,2,6.4,8,67,0,67.69,61.24
24.5,0,4.6,4,71,1,18.04,25.42
38.3,1,6.6,1,35,1,47.74,48.82
8.9,3,7.9,4,44,3,132.52,88.73
56.9,2,6.5,5,18,0,69.15,45.32
9.3,0,7.5,4,40,0,27.59,69.0
18.3,1,5.1,5,30,2,35.32,58.27
34.1,0,6.5,8,35,1,17.8,18.03
76.9,1,5.7,8,158,0,43.84,18.0
65.1,2,7.5,4,98,1,95.63,43.5
50.3,0,6.5,5,31,0,22.13,6.89
8.6,0,7.4,5,26,0,25.1,74.41
38.5,1,7.9,9,41,1,35.76,35.65
4.9,4,7.4,10,26,1,191.62,100.0
23.2,7,6.9,3,66,3,1358.79,100.0
26.1,0,5.2,6,65,1,21.24,28.07
2.5,3,6.5,4,34,1,127.47,100.0
15.9,1,5.8,1,82,2,51.67,73.6
150.1,1,6.1,1,82,0,58.13,4.19
147.9,3,6.0,5,39,2,117.26,26.11
21.3,4,5.2,5,34,0,234.26,83.41
2.6,5,4.0,1,46,3,340.61,100.0
10.0,2,5.6,6,77,0,76.58,93.34
24.4,1,6.8,4,151,1,49.98,57.82
142.2,3,4.7,5,76,0,108.77,26.26
7.8,0,6.5,4,29,3,18.97,66.63
69.7,2,9.0,3,68,1,94.44,44.45
6.0,1,7.8,5,61,1,45.92,81.61
191.4,2,8.6,3,59,0,99.71,13.93
23.6,0,7.0,5,26,2,22.31,33.6
72.1,0,8.0,3,68,0,31.48,8.76
20.6,4,5.6,5,56,3,202.31,91.1
47.9,0,5.7,3,28,0,24.65,19.32
10.7,1,2.9,6,131,0,26.48,65.7
8.1,0,8.0,7,27,0,22.69,70.58
134.0,0,8.5,2,73,1,31.44,3.95
120.3,0,5.8,5,53,1,21.73,2.33
105.4,0,6.2,2,47,0,27.64,0.06
47.6,4,5.5,6,107,2,236.67,82.12
79.8,0,7.0,4,92,1,29.11,8.36
3.9,5,8.0,5,53,1,472.22,95.23
20.1,2,4.2,5,36,1,50.48,71.58
18.6,1,7.0,8,44,1,37.74,66.1
49.0,2,6.1,5,49,1,69.68,46.97
21.6,1,6.6,6,92,0,44.1,61.95
8.2,3,7.1,5,70,0,164.33,97.38
44.1,0,6.3,9,94,3,17.36,5.97
81.3,1,6.4,7,25,3,28.78,7.62
23.6,4,6.2,4,98,1,269.43,92.18
7.3,5,7.8,7,115,0,533.49,93.5
11.0,4,7.0,5,37,2,241.42,97.15
13.5,1,6.8,7,86,1,38.27,66.43
17.6,3,4.8,7,110,0,106.19,88.01
49.9,1,6.0,3,41,0,45.96,31.42
44.6,1,7.7,6,30,2,38.51,30.84
57.7,0,6.5,4,65,2,22.75,12.72
22.1,2,7.4,4,18,0,84.13,78.63
83.9,0,8.8,4,98,0,31.88,3.42
11.5,1,7.9,6,34,0,43.8,73.36
30.9,4,6.6,3,50,2,243.99,86.01
78.0,0,5.8,1,82,0,32.3,10.32
10.0,0,3.2,6,76,0,17.68,58.06
6.1,0,6.3,3,81,2,25.12,75.49
103.8,5,6.1,2,37,0,508.54,77.45
20.7,1,7.0,3,68,2,50.37,67.29
55.8,1,6.3,4,89,0,48.85,31.28
1.7,3,6.1,5,41,0,132.62,100.0
56.7,3,4.2,1,136,0,158.72,70.09
18.7,1,5.3,9,51,2,30.65,60.68
3.3,2,7.1,6,17,3,61.26,90.66
45.7,3,8.7,4,51,2,147.25,67.81
13.7,2,6.4,4,110,1,85.47,81.27
24.0,0,6.9,5,33,2,19.78,33.89
4.5,4,7.7,6,31,0,253.34,100.0
8.1,1,5.4,3,70,0,49.52,82.17
17.5,0,7.0,3,30,3,23.22,45.46
5.0,1,5.5,8,29,0,34.04,82.25
116.5,0,7.6,4,35,0,27.22,0.0
0.8,0,6.7,4,125,0,29.45,99.83
32.2,3,6.9,8,75,0,124.28,77.96
6.8,0,5.5,6,59,0,22.6,74.05
18.1,1,7.4,4,37,1,45.62,62.35
125.5,1,9.2,6,89,1,46.63,12.52
9.0,0,5.2,1,79,3,26.13,69.1
162.6,6,6.1,7,129,2,765.43,82.73
11.6,0,6.8,5,33,0,22.25,54.29
65.4,1,7.5,7,30,0,41.19,19.77
38.5,1,5.8,9,17,1,29.1,27.66
104.1,0,2.8,8,76,1,10.88,1.15
39.3,0,8.3,8,65,0,23.91,19.86
37.2,2,7.5,5,46,2,76.32,63.15
10.9,6,4.2,4,17,1,531.77,94.01
9.2,0,5.7,5,116,1,25.28,70.18
119.7,2,8.5,6,63,1,78.76,22.27
19.6,3,8.4,8,104,0,153.07,88.79
22.8,3,7.7,3,110,3,165.26,87.37
69.0,1,6.3,8,74,2,34.01,8.69
20.4,1,6.6,7,80,0,40.74,56.0
146.3,1,6.3,9,40,3,27.29,0.0
64.8,2,8.0,8,61,1,71.0,43.01
44.2,3,5.4,4,95,3,130.81,74.22
102.6,0,5.5,2,35,2,23.79,4.29
2.9,1,7.8,2,92,1,59.24,96.3
14.8,4,6.4,4,89,0,284.92,87.47
30.5,3,8.3,6,88,0,162.77,79.32
12.9,6,5.6,7,58,1,674.88,98.7
65.9,3,6.4,8,37,2,100.19,52.28
121.3,1,5.3,6,136,0,48.38,7.37
27.0,2,6.5,1,113,0,112.45,79.95
20.6,2,4.6,3,59,2,57.8,70.06
156.9,0,5.9,2,65,3,23.59,0.55
28.7,1,4.6,4,49,1,30.71,37.04
32.7,2,7.4,5,18,0,79.53,69.72
21.3,0,7.4,1,54,0,34.64,52.56
115.8,3,4.3,4,75,0,114.78,31.81
40.9,2,8.2,3,41,3,77.52,56.3
69.4,5,9.7,6,48,0,477.3,85.25
80.7,0,6.6,5,48,1,21.45,5.8
20.6,0,5.7,5,61,0,23.96,42.17
27.8,2,10.0,5,50,1,80.34,70.1
91.1,0,4.8,9,34,2,12.21,0.0
22.2,2,6.5,3,61,2,77.47,77.83
76.3,3,6.7,5,73,0,143.96,56.58
136.3,0,8.2,7,64,0,25.02,0.08
47.4,1,7.0,5,17,0,44.06,39.28
65.5,1,5.9,8,80,3,31.64,14.4
79.0,1,5.3,4,28,3,34.06,4.13
90.0,5,6.1,5,72,1,430.82,74.95
24.6,3,5.2,2,74,2,153.46,84.96
3.0,2,6.6,6,22,2,58.95,90.79
25.2,2,5.8,4,90,0,88.15,77.4
54.3,1,4.6,3,135,3,35.01,21.36
29.2,5,8.1,5,49,1,467.33,94.52
66.8,2,5.9,5,72,1,73.87,38.01
21.7,2,4.9,2,44,1,61.7,76.44
48.8,4,6.3,6,28,0,218.48,89.93
10.4,0,6.6,6,95,0,24.67,64.63
66.9,3,4.2,3,73,2,107.76,54.99
38.4,0,6.9,5,38,0,22.56,18.57
11.5,1,5.1,6,29,2,33.39,69.96
17.1,1,8.7,5,139,0,58.68,71.81
66.8,6,7.2,4,25,1,834.0,88.51
32.1,4,6.0,4,78,0,277.49,85.1
12.2,2,5.5,6,63,1,68.49,85.1
164.6,2,6.4,9,85,2,60.05,4.63
60.8,2,7.3,6,120,0,97.29,44.51
151.7,5,6.5,2,9,1,435.27,72.13
27.2,1,6.2,5,31,1,36.89,47.7
31.4,1,6.6,8,53,2,32.26,42.49
110.1,0,5.7,2,125,3,27.14,3.04
36.2,3,6.1,10,45,2,93.56,62.74
59.5,3,3.8,9,40,0,81.4,40.34
14.4,1,7.8,2,13,0,52.1,73.33
28.9,0,6.9,9,38,0,18.51,18.8
6.8,3,5.5,4,77,1,142.4,98.64
11.6,0,9.0,7,54,0,24.39,62.12
0.5,2,6.6,5,37,1,67.49,100.0
2.4,6,5.2,5,140,1,892.82,95.09
182.2,1,7.6,6,48,0,45.47,5.2
13.8,0,7.0,7,61,2,22.07,56.04
52.8,2,7.0,1,36,0,107.01,53.99
88.2,3,5.9,6,28,0,121.38,52.98
38.9,1,7.1,3,82,2,52.13,47.74
8.5,6,6.2,4,19,1,713.08,100.0
63.0,0,7.2,4,74,2,26.76,6.47
44.5,1,4.0,5,7,1,25.84,22.34
63.6,2,5.9,4,68,0,83.56,42.57
71.0,4,8.7,2,30,2,283.34,80.75
178.4,0,5.5,3,34,2,22.27,2.91
41.4,3,5.7,1,49,2,154.12,73.03
20.6,2,5.9,5,27,0,70.92,81.73
50.7,1,4.9,9,16,1,21.77,10.55
3.9,0,3.6,2,51,1,19.4,84.07
109.8,4,6.2,9,85,0,218.9,55.21
6.6,0,6.7,7,65,3,17.77,76.39
19.6,1,6.4,6,101,0,45.03,60.42
81.7,0,6.3,6,18,3,16.49,4.29
44.2,4,6.6,7,45,1,201.38,76.81
24.5,2,7.8,2,58,0,105.96,77.19
31.3,3,6.3,5,34,1,120.5,79.89
93.0,0,5.8,6,60,3,18.46,4.25
20.4,2,6.1,6,98,2,71.55,70.74
98.3,2,7.3,7,75,2,74.06,30.33
4.9,3,8.3,2,105,2,189.91,100.0
72.5,4,5.7,6,67,2,215.17,68.11
90.8,0,6.6,5,54,2,20.92,6.9
10.1,2,6.9,4,121,0,94.6,84.77
27.5,0,5.2,4,61,1,23.46,28.79
9.2,1,6.5,6,135,0,48.38,84.36
59.4,0,4.6,8,91,3,13.53,0.0
37.3,1,4.2,5,38,3,24.81,23.17
48.9,1,7.0,7,51,0,43.57,33.39
11.0,2,6.0,5,120,2,79.32,86.4
11.9,1,6.8,2,101,3,46.29,80.25
2.5,3,6.5,2,84,0,176.88,97.8
19.2,1,5.2,2,79,1,49.94,68.89
39.9,0,6.4,4,25,3,18.76,15.94
94.2,3,4.9,4,29,0,101.85,42.42
53.3,0,8.3,6,65,2,23.45,13.06
27.9,1,4.7,7,34,0,27.16,31.77
147.4,2,6.2,2,49,3,73.35,15.24
61.5,1,5.1,3,47,3,38.05,16.79
128.3,0,7.2,4,77,3,24.71,0.0
36.5,1,6.1,5,66,1,40.43,40.29
14.9,5,5.8,3,97,3,451.94,93.59
3.1,2,7.6,3,67,2,90.44,99.4
62.7,2,6.5,9,64,0,64.17,40.49
6.7,2,7.2,7,57,2,70.79,84.31
17.8,0,5.2,3,105,0,29.9,52.24
37.0,1,4.7,5,57,1,29.64,23.59
40.4,3,6.6,4,38,0,139.17,73.19
44.6,0,6.1,7,81,0,22.69,15.6
9.2,0,7.3,5,53,0,26.99,70.27
23.4,0,6.4,2,91,2,27.41,40.52
46.6,1,6.8,7,110,0,43.7,38.98
168.5,6,4.4,4,51,2,560.04,65.95
62.9,0,9.0,4,108,0,32.62,18.87
123.3,1,6.3,4,92,0,49.2,6.25
69.4,0,7.4,5,42,1,24.28,5.46
43.5,6,5.4,4,35,2,715.64,92.26
10.7,0,6.9,3,33,0,24.99,70.57
53.2,1,4.8,4,28,2,27.87,10.51
47.4,3,7.1,1,103,3,185.42,77.48
44.8,2,6.0,7,51,2,60.61,49.6
32.8,1,6.5,3,130,0,56.89,50.54
36.6,1,7.4,1,39,0,59.93,51.08
20.0,1,4.9,6,43,3,23.84,42.71
35.7,0,5.6,7,75,0,22.36,17.16
11.1,0,7.1,7,126,3,23.57,59.59
79.0,1,9.2,5,42,1,43.7,15.18
10.4,0,6.3,3,87,3,23.36,66.34
4.8,0,7.3,7,57,2,21.85,79.08
28.0,2,6.4,6,76,3,62.24,67.55
52.0,6,9.0,3,36,1,912.39,90.97
28.1,2,4.2,8,82,2,46.82,50.49
16.1,0,6.6,2,49,1,25.73,60.23
39.7,0,4.4,10,44,1,12.5,1.87
21.0,5,3.2,8,56,2,255.95,87.53
130.2,0,6.9,6,78,3,19.31,0.0
123.3,0,6.7,9,52,3,15.65,3.8
34.0,2,6.1,6,44,2,62.6,56.9
19.6,2,6.4,3,53,1,79.06,77.15
64.6,2,10.0,5,52,1,80.76,44.38
2.3,0,6.2,2,75,2,26.38,95.2
31.4,0,7.2,4,46,0,28.03,32.0
20.2,6,5.7,7,45,0,704.66,100.0
122.1,0,6.9,4,36,1,21.98,0.85
1.1,2,6.2,4,77,0,85.44,100.0
39.1,2,6.0,6,62,0,73.78,61.68
65.3,2,8.9,8,104,0,85.04,46.27
32.4,1,8.0,1,97,0,69.27,60.59
4.8,0,6.7,4,65,0,25.6,84.06
172.9,2,3.5,3,54,3,52.31,5.45
35.5,4,6.0,6,57,1,218.54,83.0
46.2,5,10.0,2,40,1,545.89,92.47
13.5,0,6.2,6,36,2,18.91,53.3
32.2,0,7.9,4,33,0,27.07,37.69
27.4,5,8.4,3,52,3,465.38,97.27
4.2,3,6.8,9,10,2,88.72,100.0
5.9,4,5.4,1,124,0,373.32,96.23
87.7,0,3.3,5,143,1,19.69,3.62
13.7,2,7.4,1,31,3,86.01,89.96
10.9,2,5.4,5,141,3,74.84,83.31
34.2,2,6.7,5,31,1,66.4,58.05
70.8,1,4.9,4,57,2,30.1,15.6
3.6,0,6.2,3,70,0,27.51,84.32
41.8,2,6.5,4,60,3,66.73,48.76
6.6,0,6.8,6,42,0,21.62,79.04
2.3,1,5.1,7,41,3,30.06,96.82
3.1,5,8.1,5,87,2,493.23,100.0
86.7,1,5.7,6,106,2,40.49,11.59
6.5,3,4.3,3,19,1,97.33,92.01
2.7,0,6.4,4,65,0,25.6,90.98
28.2,2,6.5,3,78,0,90.91,78.86
89.7,6,6.7,3,63,0,919.49,91.54
15.1,0,8.3,3,24,0,28.03,65.93
26.8,0,6.2,5,75,2,22.05,26.52
2.5,1,6.3,5,98,1,43.67,94.37
29.1,0,5.1,9,36,0,18.41,19.28
41.9,3,7.6,3,42,3,139.91,70.32
41.1,4,6.7,6,64,3,195.76,80.53
19.9,1,6.0,7,55,3,31.19,54.29
18.7,0,4.0,5,42,3,13.93,27.97
5.9,1,8.4,4,28,0,48.07,96.05
22.4,2,4.9,4,44,1,54.56,67.95
5.5,0,5.7,1,14,2,24.01,83.55
70.3,2,7.0,4,79,2,87.76,45.12
163.2,2,4.9,7,38,0,49.41,9.55
168.9,2,4.6,1,86,2,70.43,17.48
96.6,0,3.7,3,50,0,19.61,2.58
44.6,2,7.4,6,62,0,84.85,55.64
58.4,0,5.8,7,21,1,17.97,1.95
16.6,0,10.0,5,82,1,26.87,54.9
48.3,4,5.2,6,180,1,261.27,84.72
29.7,3,5.3,4,46,0,142.17,83.59
32.1,0,5.8,3,61,3,21.92,24.73
68.6,0,6.8,4,65,0,25.6,6.88
16.4,0,5.9,5,26,0,21.83,44.95
18.9,0,7.3,9,30,3,16.97,34.24
124.6,0,5.2,2,76,3,24.24,7.08
3.3,0,4.7,5,36,3,13.71,82.18
32.4,1,4.2,4,50,2,29.56,35.29
117.6,3,3.6,5,62,2,93.38,31.99
45.7,2,5.8,1,77,1,95.72,60.74
38.4,2,6.1,4,52,0,80.23,60.19
14.3,0,5.7,7,52,1,19.54,45.48
20.7,5,8.1,5,170,1,570.41,96.0
92.2,3,8.1,5,93,0,173.7,57.34
39.8,3,6.1,4,47,2,126.71,77.27
35.2,3,4.2,4,53,1,100.55,68.8
5.5,5,5.8,4,137,0,566.68,96.22
1.3,1,5.7,7,78,0,40.54,100.0
159.6,0,5.6,9,100,2,19.2,0.0
23.2,2,5.6,5,46,0,74.66,73.83
44.9,3,5.7,4,43,3,114.93,69.24
4.5,3,6.0,7,120,1,134.05,92.72
55.7,1,5.7,5,55,1,39.32,28.58
129.9,0,6.8,5,55,1,21.84,2.49
41.6,1,7.0,3,45,2,47.48,47.1
7.0,5,5.3,7,97,0,445.28,96.06
42.3,2,8.2,5,63,2,79.74,59.18
70.3,1,5.2,7,29,1,33.07,12.07
25.5,0,4.4,7,42,0,15.42,20.05
102.2,1,7.0,3,108,3,50.77,8.27
50.7,4,5.4,6,64,2,213.56,79.25
110.7,2,6.9,7,98,2,68.03,14.65
47.4,3,3.4,4,71,3,92.61,61.19
7.3,1,8.3,3,32,3,42.03,76.61
18.3,2,7.4,1,75,2,105.16,77.55
11.3,0,4.5,5,56,2,15.77,51.7
115.5,2,4.6,4,42,2,52.1,8.98
69.1,1,8.7,5,45,2,42.29,16.06
54.7,1,5.5,3,97,2,46.97,35.65
17.7,2,5.4,8,65,2,59.87,75.55
10.3,5,3.6,4,63,0,360.96,100.0
68.3,0,6.0,3,126,3,25.53,6.31
31.4,3,6.2,5,38,3,107.2,83.99
12.8,0,7.4,5,54,0,27.06,60.2
46.5,1,4.7,3,40,2,30.56,27.94
2.5,0,4.5,4,74,0,19.63,87.83
19.4,1,7.1,3,64,0,56.1,64.97
30.8,1,7.8,6,47,2,40.31,48.27
8.2,0,4.5,7,50,0,15.74,60.5
201.0,1,7.9,5,92,2,47.54,0.0
11.8,5,6.5,6,104,2,423.1,94.02
7.2,0,7.9,7,42,1,21.89,71.88
11.4,3,6.4,3,180,0,185.64,95.27
70.8,1,3.2,9,25,0,24.11,0.0
27.1,2,6.3,7,31,2,57.46,66.08
40.5,0,7.9,3,49,3,24.44,17.33
1.5,0,5.3,3,37,2,22.45,88.88
2.2,0,6.0,2,35,0,26.77,95.4
28.8,0,6.3,3,103,2,26.46,33.59
81.9,0,2.7,7,75,1,11.39,4.33
104.4,2,8.7,5,60,2,79.14,28.27
4.9,4,5.3,7,43,0,216.34,97.76
37.6,3,7.2,7,32,2,119.27,72.43
117.8,2,6.4,6,31,1,62.96,17.08
24.1,0,8.1,6,102,3,23.5,34.41
85.4,0,7.0,1,100,0,38.75,8.05
7.4,1,6.2,4,49,2,39.31,84.98
132.0,0,5.3,6,24,3,16.77,0.0
67.3,1,7.5,1,79,0,66.37,36.39
136.6,1,4.1,1,50,3,32.79,5.36
54.7,1,7.3,8,94,2,41.04,25.97
22.2,1,5.1,6,30,0,37.67,55.52
134.1,3,8.1,4,60,0,169.53,43.24
16.0,3,6.7,6,29,2,108.19,87.76
19.9,1,7.3,7,38,0,42.09,63.55
58.4,4,6.6,4,37,1,231.33,80.84
70.1,5,4.2,1,49,0,421.33,82.65
127.7,1,5.4,9,107,2,35.12,1.03
11.5,1,7.4,4,61,0,52.46,83.09
77.3,1,6.7,2,86,3,44.7,18.62
64.9,5,8.0,5,59,3,422.01,82.57
3.7,4,7.0,7,45,3,203.79,100.0
24.0,0,5.2,3,15,2,21.12,26.15
16.5,1,5.5,4,31,0,42.14,70.35
17.9,2,6.6,3,57,2,76.68,74.75
195.9,1,3.5,10,62,0,25.46,6.65
49.9,0,8.7,3,94,0,33.52,17.16
61.2,4,7.1,5,20,0,259.13,83.0
180.8,2,8.1,8,155,1,84.02,11.34
23.2,3,4.4,3,15,2,92.38,76.51
78.2,4,8.1,9,55,2,207.72,69.28
27.9,3,9.4,9,41,1,115.87,80.81
98.3,1,4.8,8,32,0,25.74,0.0
10.1,2,7.5,3,122,3,94.29,86.99
142.1,0,6.5,6,42,1,20.02,2.36
12.4,2,4.5,7,19,1,43.41,69.18
19.5,0,7.1,10,26,0,19.71,35.14
68.2,2,7.6,3,100,2,97.9,60.47
24.5,0,5.7,7,27,2,17.54,21.35
45.5,0,8.0,4,23,0,26.33,21.79
28.7,0,4.3,3,63,0,20.28,22.23
65.6,0,4.6,5,49,2,15.48,3.23
12.9,2,6.7,7,73,2,64.08,84.06
3.4,3,6.5,5,45,0,134.04,100.0
17.6,1,5.6,5,83,3,37.1,61.52
31.4,0,7.6,10,25,0,19.66,27.21
9.3,0,7.2,4,22,1,24.32,66.15
21.5,0,7.6,6,66,3,21.55,37.7
25.0,0,6.3,4,49,1,22.75,34.18
3.3,4,7.3,4,44,2,260.21,94.81
42.5,0,5.9,6,79,1,21.99,13.48
104.0,1,9.2,9,167,0,48.15,12.1
8.4,0,5.4,5,22,3,17.59,60.52
44.2,0,9.2,7,109,1,25.79,26.56
53.0,1,6.5,2,81,3,44.16,27.18
26.6,2,4.7,3,43,0,62.38,69.41
58.5,0,8.3,5,127,0,32.16,19.22
25.9,0,6.7,1,26,0,27.94,39.53
34.2,1,7.6,4,71,2,47.81,45.88
0.9,0,8.1,5,51,1,24.86,93.76
57.0,0,6.9,1,43,3,23.84,7.35
52.5,5,5.7,4,29,1,407.4,81.66
2.4,2,7.8,5,180,3,86.07,93.74
22.5,2,6.5,5,43,0,74.07,68.62
186.0,1,7.4,8,11,3,30.31,4.93
26.7,1,3.7,6,88,2,29.12,42.14
34.0,1,7.1,5,68,2,44.86,49.62
116.0,2,5.7,9,49,2,54.89,14.14
61.1,2,8.6,7,46,2,68.8,41.73
42.4,0,7.3,3,54,2,27.01,25.92
77.2,1,6.8,3,88,0,51.73,20.35
96.4,1,7.1,6,68,0,47.85,13.71
29.8,4,5.2,5,75,3,212.18,89.51
31.4,2,8.6,7,75,2,74.06,60.82
23.9,1,9.1,7,90,2,42.65,67.94
163.8,0,7.0,6,104,1,26.82,0.32
57.8,2,8.6,10,38,0,66.0,42.15
4.7,0,5.8,5,63,0,24.08,86.67
95.9,1,5.5,2,102,2,50.62,18.24
31.9,0,6.6,7,38,1,18.83,18.51
3.9,2,7.1,4,114,0,107.11,96.88
38.8,0,6.0,7,38,1,18.83,7.47
26.4,1,7.2,9,70,0,41.62,51.08
101.4,4,6.9,6,49,1,214.06,64.08
11.5,0,5.2,6,45,0,21.79,60.55
84.6,1,7.2,5,73,2,45.42,19.8
39.7,1,7.6,4,105,0,58.31,50.2
3.2,0,6.7,4,48,1,22.69,81.99
171.9,3,8.0,6,110,0,171.26,40.35
35.0,0,4.9,7,37,0,15.21,15.04
17.0,1,7.1,6,105,1,48.39,73.52
30.9,2,5.0,3,60,1,80.49,67.55
94.1,2,5.1,5,68,2,70.22,29.84
18.0,2,5.7,7,28,0,64.11,87.52
10.8,0,5.3,5,43,2,20.32,59.18
7.1,0,5.8,5,56,3,19.27,64.59
17.5,2,6.2,7,99,2,68.18,75.31
73.2,1,7.6,6,51,0,45.82,22.43
31.1,3,6.1,5,35,1,120.83,71.69
12.9,3,4.4,8,65,0,90.93,87.37
9.2,3,8.0,3,146,0,213.49,97.11
19.9,1,5.4,10,68,3,28.08,54.6
135.5,1,6.4,2,50,0,50.14,11.29
20.7,3,7.1,1,65,1,192.35,92.82
213.3,1,6.8,8,34,2,30.67,0.0
32.4,0,7.9,3,117,2,31.4,38.86
10.0,4,7.1,6,116,1,289.3,99.07
106.9,4,5.4,7,33,0,210.59,61.09
30.1,1,9.3,8,115,0,48.43,47.66
59.9,0,6.8,10,65,1,17.6,0.6
198.1,1,6.3,4,82,0,48.04,0.0
3.0,3,7.8,6,57,1,139.62,90.82
5.4,4,6.8,2,59,0,299.31,98.2
61.7,0,7.0,5,40,0,26.08,6.6
16.4,0,9.7,7,33,1,21.36,55.59
10.3,4,6.1,4,32,0,246.46,95.32
2.4,1,6.1,6,100,1,41.6,98.92
1.6,1,6.7,5,63,2,38.52,90.44
72.0,6,7.9,6,34,2,735.64,88.82
7.4,0,4.5,9,60,0,14.7,60.8
30.8,2,3.9,2,20,0,62.4,57.86
45.2,0,5.7,5,34,0,22.32,11.72
27.3,1,4.4,8,105,2,27.45,36.23
1.8,3,5.9,5,42,2,118.2,97.67
73.9,1,7.2,2,99,0,65.04,38.59
1.0,7,5.3,5,54,3,1173.81,100.0
69.4,2,4.6,4,82,0,64.86,35.98
107.9,1,6.6,3,29,1,41.19,9.17
27.7,0,7.6,7,75,2,22.86,31.91
37.3,1,4.3,5,13,3,23.14,19.67
31.6,1,7.6,9,45,2,34.7,39.1
24.2,0,7.6,7,108,2,24.7,38.13
105.3,1,7.7,6,58,0,46.66,14.52
108.2,1,8.1,1,33,2,52.41,16.63
20.1,2,9.4,5,104,0,98.99,80.78
46.3,2,6.0,3,155,3,84.04,60.33
126.1,2,6.6,8,50,1,60.02,11.55
157.5,0,6.0,3,21,2,21.48,0.18
34.6,0,6.5,4,58,1,23.29,20.97
29.4,2,8.5,5,85,2,84.17,69.88
16.2,1,4.8,4,51,1,30.87,63.87
153.7,0,5.4,3,14,2,21.06,0.39
7.9,3,8.3,6,80,0,159.68,95.65
42.1,3,7.8,2,37,0,180.5,74.13
16.4,1,6.0,2,44,0,49.36,70.65
16.2,0,7.6,4,22,0,26.26,53.12
25.4,3,6.9,6,11,3,94.25,73.47
323.0,2,8.5,5,28,0,81.79,2.0
3.2,3,6.6,5,42,3,108.35,95.59
42.0,3,7.8,5,41,0,152.52,76.21
4.6,3,9.9,4,120,0,195.39,98.1
8.6,1,7.3,9,31,2,33.42,73.96
28.3,0,6.6,2,94,2,27.6,34.48
34.8,2,7.4,6,62,1,78.56,64.48
14.9,2,6.0,8,129,1,72.38,85.54
18.8,3,9.6,7,55,2,126.78,87.12
4.9,0,6.7,3,15,0,23.76,79.05
17.8,0,6.1,4,52,3,20.18,42.78
163.6,4,5.4,6,11,3,169.65,44.1
139.5,3,7.9,2,28,2,156.55,44.23
20.1,4,7.6,7,52,0,254.74,94.33
41.1,3,5.9,6,53,2,115.36,72.57
115.9,2,7.2,6,92,0,91.28,33.13
0.8,2,4.5,2,72,0,71.58,100.0
80.4,4,6.7,6,123,0,275.93,76.71
142.8,2,7.1,6,92,1,84.52,22.2
5.1,2,8.7,7,86,3,69.72,89.16
9.0,0,5.5,1,148,2,32.26,70.39
155.9,1,4.8,1,90,2,39.5,2.48
37.5,2,5.3,4,112,1,85.86,64.85
1.2,0,4.8,3,20,0,18.08,91.67
14.8,0,8.2,5,48,1,24.67,57.77
29.2,1,8.5,8,70,3,35.5,37.41
57.2,0,6.9,4,59,0,25.21,8.47
63.9,0,8.1,7,36,3,18.95,1.74
259.0,1,6.7,1,87,1,54.48,0.0
16.8,4,6.4,3,98,1,285.98,99.53
37.6,1,6.1,1,54,2,48.19,41.07
37.1,0,6.1,4,49,1,22.75,17.52
25.5,0,4.5,8,43,3,12.0,15.13
9.4,2,6.8,2,89,3,81.03,91.31
182.5,1,6.4,6,49,1,36.7,0.0
92.6,3,7.5,5,58,0,159.44,58.34
33.6,2,6.6,9,106,1,65.7,60.98
44.9,3,6.3,2,67,3,138.25,80.43
12.9,0,5.4,3,58,0,26.69,63.09
38.2,2,6.6,1,40,2,83.61,62.83
57.5,0,7.5,5,57,2,24.24,6.33
35.2,5,5.0,4,37,2,399.74,88.97
222.9,2,6.6,8,65,0,67.35,0.76
45.9,1,6.8,6,44,2,34.78,31.51
22.8,0,5.6,6,47,3,17.85,27.94
71.5,0,5.7,5,57,0,23.71,6.88
9.5,2,6.8,2,131,0,109.33,96.98
23.8,0,5.0,5,70,3,19.96,22.1
21.0,2,7.0,10,28,0,64.23,76.59
27.6,0,5.3,7,49,3,17.06,20.03
73.6,2,7.9,8,41,1,67.4,35.08
32.3,3,9.5,7,40,0,137.11,76.11
76.3,3,5.4,2,41,3,129.27,52.78
41.7,3,7.2,3,49,1,161.95,79.01
20.6,0,5.6,1,38,1,26.74,54.62
80.2,0,7.9,4,38,1,25.41,7.77
13.6,2,4.9,2,41,1,61.21,84.51
12.7,1,7.1,5,40,0,46.95,75.63
34.2,1,5.4,6,34,1,35.26,35.81
15.0,0,6.2,8,78,3,17.49,39.69
0.9,0,5.2,7,46,0,20.77,94.05
50.7,0,7.6,9,51,2,19.58,0.33
34.8,4,5.4,2,48,0,290.92,86.19
28.8,0,7.2,1,39,2,29.6,35.83
164.2,2,6.1,6,34,0,68.55,8.5
41.1,0,6.4,4,82,3,21.75,15.57
96.1,2,6.7,4,35,1,71.01,27.11
7.7,1,5.5,4,36,0,42.72,83.46
40.9,4,6.8,4,95,0,288.96,84.77
97.7,4,8.5,5,42,0,275.27,63.25
42.5,1,5.5,5,57,1,39.52,32.1
61.3,4,8.0,5,47,0,278.93,76.87
22.8,7,8.4,6,55,2,1399.85,100.0
5.2,3,5.4,4,118,1,156.63,99.92
29.9,3,4.6,4,37,0,104.1,78.32
24.6,0,6.9,3,78,2,24.94,39.94
97.4,2,5.8,4,82,2,76.87,27.7
13.9,0,8.9,7,79,0,25.97,56.72
163.9,0,6.5,7,116,0,24.61,0.0
152.8,7,5.5,6,15,0,1228.36,83.03
14.2,1,5.0,3,24,2,39.0,72.95
21.0,3,7.9,6,33,2,125.79,84.01
108.9,3,5.8,5,43,1,123.46,37.03
163.7,4,6.6,5,65,2,225.8,45.54
28.6,7,7.7,5,34,2,1396.56,94.94
19.1,0,5.9,5,34,1,20.66,39.83
36.3,0,6.4,5,60,3,19.47,19.23
56.4,1,6.5,6,74,0,42.23,25.09
15.8,0,7.4,2,56,0,32.54,53.65
64.5,0,7.3,7,76,0,25.78,7.53
3.0,1,6.2,3,21,0,43.5,92.79
2.9,3,6.6,2,38,1,145.72,97.24
23.9,2,6.0,9,32,3,48.08,58.63
21.4,1,4.6,9,42,0,25.26,43.62
18.7,2,6.8,2,54,0,91.2,81.69
32.9,0,9.0,5,18,1,22.73,23.43
19.1,0,5.4,3,41,3,20.81,41.37
10.7,3,5.5,5,37,0,131.21,90.66
18.3,2,5.4,7,22,1,58.37,71.39
177.4,3,7.4,9,76,0,136.84,32.18
25.9,0,7.1,6,56,0,25.79,38.59
28.7,3,6.3,4,42,3,114.62,80.74
41.7,2,5.3,6,127,3,70.0,59.41
197.0,2,6.6,4,24,0,74.4,8.92
13.8,2,4.5,8,130,3,47.88,78.21
55.4,4,6.7,8,49,2,186.19,68.74
60.9,2,7.6,5,36,3,68.12,41.62
45.4,2,4.9,4,42,1,54.27,42.68
5.0,7,4.5,4,45,1,1033.69,100.0
54.7,3,8.6,1,139,1,225.35,81.69
3.7,1,5.7,7,65,2,34.9,87.73
44.0,2,8.0,5,29,0,82.02,59.78
65.1,1,6.3,4,82,0,48.04,26.38
11.9,0,6.3,5,45,0,22.98,61.18
89.0,2,7.1,7,9,2,62.09,20.28
2.0,5,5.4,2,81,0,568.96,100.0
89.6,5,6.7,8,82,2,364.06,77.39
30.1,1,6.0,8,47,3,29.11,36.55
12.3,1,4.8,9,39,0,25.06,58.67
7.4,0,6.9,4,86,2,23.95,71.38
147.6,7,6.2,3,38,1,1435.82,94.34
4.1,6,6.3,4,97,3,766.43,95.79
11.2,2,4.9,4,38,0,57.99,79.01
21.0,3,8.6,3,52,2,156.69,87.28
47.0,2,7.6,6,69,2,76.75,51.51
38.3,2,7.8,5,61,3,72.73,55.96
6.9,0,6.1,8,36,2,17.13,67.22
16.9,1,4.3,1,67,1,38.91,59.5
13.6,2,9.0,6,80,2,78.85,80.63
12.0,2,6.4,7,30,3,52.53,86.77
25.9,1,5.5,7,70,1,36.81,51.09
58.9,5,7.0,8,51,0,435.85,84.75
12.3,0,8.0,6,31,3,19.66,54.96
22.4,1,6.5,8,65,2,33.26,52.98
24.3,2,8.2,4,85,2,89.04,79.6
180.4,2,7.9,5,40,0,84.51,11.38
149.0,2,5.1,1,67,2,89.65,22.39
77.8,0,5.6,1,45,1,27.24,0.0
13.8,0,7.7,3,76,2,28.54,57.96
3.9,2,3.0,2,93,0,75.29,95.53
18.8,2,6.3,4,63,2,73.35,78.55
15.4,0,4.6,3,79,3,17.19,37.63
34.3,2,5.9,1,87,0,105.9,73.24
72.7,1,6.1,8,40,3,28.58,5.67
94.3,2,6.0,1,45,1,88.26,33.38
89.9,3,5.8,7,68,3,104.44,45.87
21.9,0,5.1,3,104,2,26.52,46.96
56.3,0,9.5,8,27,1,20.02,2.52
18.5,3,8.9,8,72,2,126.11,82.66
3.5,2,5.0,6,99,3,65.74,93.38
58.5,2,8.6,6,50,1,76.18,46.3
1.0,3,6.0,1,55,0,176.11,97.13
25.8,3,6.7,10,55,2,96.04,80.08
19.7,6,6.4,8,53,2,609.56,98.04
57.2,1,5.6,8,36,2,30.84,17.07
70.3,1,7.8,6,52,2,40.84,13.45
17.9,1,6.7,4,36,1,39.56,67.69
80.6,0,5.9,8,77,2,19.04,0.0
17.2,2,4.8,4,19,0,55.02,76.07
28.9,0,5.3,5,85,1,23.53,32.55
62.8,5,4.4,2,92,0,438.05,85.13
57.2,2,6.5,8,61,0,66.68,46.86
210.3,2,4.9,3,125,1,70.34,4.81
12.7,1,6.2,3,70,1,45.85,76.03
52.6,0,8.3,5,65,2,24.74,13.11
45.7,0,8.1,7,19,1,20.54,21.97
118.9,1,6.5,6,95,1,41.12,10.25
8.7,0,6.4,3,33,0,24.99,73.05
67.4,2,8.9,1,31,1,97.74,46.98
40.8,4,7.2,7,62,0,261.35,86.05
15.9,4,6.1,10,36,0,184.96,88.92
31.4,2,4.6,7,50,2,45.34,52.91
20.0,0,7.0,5,99,2,26.85,47.97
42.1,4,7.6,8,117,2,252.2,80.69
106.0,4,5.7,5,40,1,220.45,62.11
40.9,0,6.9,5,51,1,21.62,12.11
48.4,3,6.0,5,159,3,134.72,70.35
35.6,0,6.3,5,117,1,25.33,21.52
3.0,3,3.3,7,88,1,93.44,96.94
13.2,7,6.2,5,36,0,1373.64,100.0
33.0,0,7.8,4,41,0,27.66,30.15
18.3,4,5.7,4,87,1,262.56,91.9
10.1,2,6.6,1,17,1,81.73,89.09
34.2,6,5.5,6,96,1,778.8,98.14
19.2,1,7.0,3,108,1,57.7,67.82
14.8,3,6.2,3,47,2,134.49,90.49
30.4,0,5.3,6,118,2,23.11,31.44
7.4,1,8.2,6,71,2,42.85,86.15
126.6,0,7.7,7,28,2,20.23,0.39
97.6,6,5.7,5,59,3,660.53,88.5
59.5,3,7.1,8,38,0,129.97,64.85
5.9,4,7.2,9,63,0,238.5,100.0
72.3,5,7.3,7,27,0,428.78,77.4
79.7,0,4.3,6,123,2,17.52,0.0
70.6,1,7.8,4,76,3,44.37,23.88
6.3,0,5.8,10,44,0,18.0,65.2
50.1,0,6.0,4,64,3,20.81,10.41
86.8,0,9.9,3,56,0,30.54,4.6
41.8,1,6.9,5,125,3,40.84,32.44
50.4,0,6.0,2,55,1,26.13,15.76
29.9,0,3.6,9,62,0,14.78,13.93
36.6,0,8.3,6,25,1,21.98,26.3
2.2,0,4.8,5,63,0,18.06,86.34
49.4,6,5.2,6,70,0,790.17,98.98
4.6,3,6.1,5,31,0,129.08,97.73
27.9,6,8.3,1,82,2,1122.88,95.23
17.1,1,7.5,6,16,1,38.57,66.98
38.3,0,6.3,6,51,0,22.14,19.71
7.4,3,6.9,5,24,2,112.53,93.76
57.0,1,5.7,7,58,2,34.29,19.9
76.6,0,6.7,3,46,0,25.87,3.09
9.1,0,6.6,3,72,1,25.6,67.19
5.8,0,7.8,3,55,0,30.46,85.32
8.0,0,7.8,4,71,0,29.88,75.73
101.1,1,7.1,7,59,2,39.53,7.47
36.6,2,6.0,7,98,0,76.53,62.97
30.7,0,7.5,4,91,1,29.04,35.67
5.9,0,6.4,6,37,2,18.96,68.26
50.8,3,5.1,6,94,0,143.55,74.7
97.7,0,6.0,3,69,1,25.41,2.56
85.0,1,6.6,3,103,0,53.57,19.75
47.7,4,7.7,9,31,3,178.64,78.07
4.3,0,6.3,6,27,1,19.22,80.78
6.2,0,4.9,10,27,2,11.46,60.9
2.9,1,6.6,4,118,1,48.34,96.06
14.8,1,6.6,6,104,0,45.34,74.66
7.5,2,6.7,3,91,2,83.36,96.12
15.0,3,7.7,4,25,3,125.84,91.86
23.8,0,7.8,5,91,2,26.35,39.97
138.0,2,5.7,4,26,2,66.51,8.63
45.7,1,5.7,3,9,3,34.25,32.17
87.0,0,5.1,4,45,0,24.31,1.96
60.0,2,7.4,1,52,0,111.64,56.77
6.2,0,8.4,6,111,2,26.16,72.82
64.4,1,6.1,5,31,1,36.89,18.64
15.9,0,6.2,2,165,2,30.15,59.53
49.4,1,8.4,3,63,3,45.6,28.54
20.5,1,7.2,2,54,1,53.95,69.97
291.5,3,7.1,6,53,0,149.25,12.44
15.2,0,5.0,2,27,2,23.28,61.46
16.2,1,7.4,7,47,0,43.11,66.68
128.6,1,5.3,1,66,2,49.68,5.99
1.7,2,5.0,3,92,1,87.04,95.0
57.8,2,6.0,8,46,2,57.01,40.76
62.5,2,5.7,6,63,0,73.97,41.65
87.4,3,6.2,2,85,2,157.6,54.9
176.5,4,4.6,7,45,1,151.03,33.55
178.7,1,7.7,5,96,1,49.99,0.0
3.7,1,8.0,7,76,0,46.4,94.52
83.3,3,4.0,6,88,2,94.36,47.6
50.4,6,7.8,6,18,3,644.96,94.47
50.5,4,5.4,10,48,0,190.97,79.0
7.1,1,7.6,3,39,0,52.57,90.41
50.9,0,6.4,6,15,0,20.06,13.9
194.6,1,6.5,5,135,2,45.36,5.6
117.1,3,6.3,1,91,2,171.05,51.97
28.3,1,8.1,1,22,1,52.96,61.77
2.5,1,4.9,2,113,0,43.79,91.35
22.1,3,7.3,6,56,1,139.26,88.04
84.5,1,7.9,5,73,1,47.31,13.24
58.5,4,7.4,5,40,1,253.52,78.11
30.0,1,9.5,1,95,3,56.18,47.84
3.2,1,5.8,5,54,0,42.35,94.13
27.2,1,7.7,8,75,2,39.21,47.72
30.9,3,6.4,4,101,1,150.73,85.35
127.2,0,8.1,6,80,1,25.35,2.03
49.7,0,6.5,7,46,2,18.46,10.71
18.4,5,6.0,7,55,2,357.18,91.19
36.3,0,8.2,5,89,3,24.04,25.73
3.8,2,5.9,8,6,0,57.38,100.0
173.1,2,4.7,4,49,0,59.71,8.18
21.9,1,5.8,8,57,2,32.59,53.84
31.7,2,7.3,3,67,1,94.21,72.02
21.6,0,8.3,4,40,0,27.59,43.87
55.6,2,6.6,2,54,0,91.2,57.02
52.6,1,8.2,7,63,0,44.93,25.74
60.8,2,4.7,5,62,3,47.55,26.38
15.5,0,5.9,3,61,0,26.9,50.0
18.7,2,6.1,3,46,0,83.83,77.54
6.9,0,6.4,8,65,0,20.79,74.0
51.7,0,6.6,7,109,1,22.43,11.74
2.4,0,7.4,5,54,0,27.06,91.69
44.2,0,5.9,6,64,1,21.19,13.02
98.3,3,6.7,5,54,0,137.23,42.25
106.8,0,6.4,4,107,2,25.15,0.13
29.1,5,5.3,8,49,0,377.03,90.19
30.0,6,6.4,2,34,1,840.71,94.19
4.3,2,6.3,5,82,3,66.61,95.85
53.8,0,6.3,4,48,2,21.78,5.45
83.1,1,6.5,5,79,1,41.75,11.55
14.0,3,6.6,5,44,0,133.69,82.75
26.8,1,5.9,5,29,0,39.62,49.81
88.1,0,8.2,3,55,2,27.08,0.06
101.1,2,5.0,5,23,3,57.15,17.33
13.9,3,5.6,3,66,2,141.21,87.3
38.9,3,10.0,3,87,1,178.05,80.74
10.8,0,5.2,2,140,2,30.15,69.38
5.7,2,4.7,7,42,1,46.25,94.26
116.7,0,7.5,5,37,0,25.87,2.84
82.9,0,3.8,6,86,1,16.77,0.0
69.0,4,6.2,6,83,3,205.12,67.01
2.9,0,9.3,6,86,0,27.78,90.28
89.6,0,4.5,5,141,2,18.9,0.0
28.2,0,3.9,4,57,0,18.81,11.95
20.6,4,4.6,4,156,1,218.63,95.73
38.5,3,7.7,6,47,0,146.93,79.47
5.1,2,8.0,5,39,1,78.04,95.5
68.3,3,5.8,7,37,2,105.13,50.1
42.4,0,7.4,8,35,0,22.11,16.19
10.4,1,8.3,3,145,2,58.57,81.27
10.5,1,8.8,3,104,2,54.89,83.31
10.3,0,6.2,6,138,3,21.9,59.26
3.3,1,3.5,4,17,0,30.39,95.02
43.0,5,5.4,1,26,1,488.87,86.08
88.6,0,5.9,8,48,0,19.9,5.48
1.3,0,6.2,3,44,3,20.97,94.13
2.9,0,6.3,8,64,3,16.9,82.52
41.3,0,8.0,6,58,1,24.0,18.48
82.7,4,8.2,7,31,2,214.09,70.52
19.5,1,6.3,3,41,1,42.56,68.02
21.1,1,7.9,3,49,2,47.99,65.52
44.0,3,7.0,5,28,0,147.22,71.05
15.9,0,6.6,3,53,2,23.42,50.92
1.8,1,7.7,4,29,0,48.2,100.0
64.3,1,6.6,4,52,2,39.62,24.45
47.7,2,9.2,3,34,2,82.99,59.46
42.2,7,4.6,3,91,2,1181.34,99.28
65.5,3,5.8,7,71,0,129.13,62.66
54.5,1,6.3,3,70,0,49.52,37.32
11.6,3,7.1,1,82,0,216.6,93.19
21.4,0,8.1,6,73,1,24.92,37.63
7.0,0,6.5,9,92,0,21.2,72.12
7.2,0,4.7,4,61,3,15.49,59.96
54.6,1,7.6,2,81,1,57.71,35.13
94.4,1,7.5,5,69,0,50.59,12.96
158.4,2,4.0,8,69,1,47.24,12.2
48.0,4,6.5,7,22,1,189.13,78.06
10.3,1,4.4,6,31,2,25.18,67.7
5.9,1,5.6,4,65,1,42.66,82.81
80.9,0,5.3,5,37,3,18.33,0.0
42.0,0,7.6,2,55,1,30.05,21.85
46.7,2,6.7,6,42,3,57.07,49.16
73.5,1,4.8,6,43,3,23.84,5.75
58.8,3,7.6,9,58,0,130.83,65.89
86.8,0,4.6,4,49,3,15.02,2.89
3.3,0,6.9,1,112,0,34.63,88.84
66.6,1,5.4,5,24,2,34.73,19.56
91.8,0,6.0,6,76,1,21.83,0.0
16.7,0,7.2,7,84,3,21.41,50.77
49.6,2,7.2,3,116,3,93.05,60.23
18.6,0,8.2,4,59,2,25.77,42.33
152.6,2,6.4,5,80,2,72.32,9.5
2.1,0,6.9,4,111,0,28.55,86.66
42.1,0,5.9,8,40,0,19.48,15.59
9.2,1,6.7,5,34,1,37.19,78.0
60.3,3,7.1,7,60,0,144.46,58.08
9.8,1,6.4,6,50,2,35.33,77.09
13.4,3,4.2,7,80,0,99.0,85.46
33.2,0,6.9,4,25,3,18.76,11.85
118.7,3,7.0,7,107,2,143.75,49.66
11.9,0,5.6,4,65,2,22.75,59.65
8.0,2,4.8,5,49,0,56.44,85.76
68.8,2,8.4,3,57,3,80.83,41.29
33.8,5,7.1,5,94,3,459.66,87.61
117.0,1,6.2,4,74,1,43.63,2.28
8.1,0,5.0,4,56,2,22.24,73.97
50.3,0,5.4,9,51,2,17.03,3.56
13.2,3,8.2,3,52,0,176.28,92.86
8.7,1,6.7,7,79,1,37.63,72.2
55.7,3,5.8,10,48,1,98.24,52.11
43.7,0,7.2,1,76,0,36.6,32.44
68.0,1,5.4,6,34,1,35.26,15.86
18.3,0,8.5,4,38,0,27.44,57.47
29.0,6,8.3,1,56,0,1184.16,100.0
25.5,2,5.9,5,51,0,75.65,70.58
199.3,5,5.7,9,39,3,285.75,51.44
17.1,0,3.1,1,29,1,19.57,40.62
17.3,2,4.6,6,36,3,42.12,73.51
21.5,2,4.8,5,121,1,62.1,74.76
40.4,1,6.7,8,39,0,34.98,32.1
14.5,3,6.1,2,14,1,136.31,90.61
119.0,5,4.8,6,58,1,295.78,71.93
15.3,4,6.1,6,39,0,225.14,95.46
109.1,3,7.2,6,48,2,130.95,48.92
5.7,0,7.2,9,88,0,24.15,71.3
51.8,0,4.0,7,50,2,13.99,4.08
114.5,6,6.3,1,47,2,894.14,86.18
9.4,0,4.7,5,40,0,17.01,63.69
166.2,2,7.7,4,49,0,91.55,21.69
29.4,2,7.5,4,69,2,85.63,71.06
140.3,2,5.3,5,18,1,64.03,16.55
54.7,7,5.5,4,26,0,1413.76,100.0
17.7,1,5.9,5,70,3,35.94,61.37
10.5,1,3.6,9,58,0,26.33,75.77
17.9,0,6.9,2,41,2,24.18,47.59
5.2,1,6.1,8,72,3,31.03,83.82
8.0,0,7.8,5,45,0,26.43,76.91
5.8,1,5.1,6,88,0,43.68,86.33
26.9,3,5.7,7,40,0,119.23,80.1
76.7,5,4.5,4,34,0,334.55,84.44
7.8,0,5.2,5,176,0,28.35,76.01
7.2,1,5.0,5,79,2,40.08,77.62
50.0,5,7.8,4,36,0,515.76,92.05
11.0,0,5.6,8,46,1,18.33,52.44
5.4,0,6.7,7,40,3,16.66,75.34
9.3,0,6.0,2,21,2,22.89,69.05
124.0,2,4.8,2,47,2,59.7,17.68
83.2,0,6.3,5,61,0,23.96,6.28
21.5,6,7.3,2,109,2,1117.64,100.0
51.7,1,4.9,6,53,1,27.82,13.25
37.5,1,7.6,3,43,1,49.2,49.48
54.8,0,5.4,5,116,0,27.3,20.32
55.6,1,5.9,1,103,3,49.76,30.31
48.1,2,7.2,4,61,1,87.43,63.98
15.4,3,5.6,6,57,0,131.12,87.0
2.4,3,6.5,5,68,1,131.66,95.21
29.7,2,6.1,9,40,1,55.83,59.78
106.9,4,6.7,8,56,2,189.6,59.41
41.0,3,3.4,4,39,2,93.03,67.55
86.2,3,4.1,1,105,2,132.52,48.81
230.1,0,7.3,7,35,0,23.2,1.53
9.1,0,7.8,8,63,1,22.02,63.76
57.0,0,5.3,7,65,1,20.2,0.74
54.3,2,6.2,2,110,0,104.39,56.19
188.2,1,6.9,10,43,0,32.32,0.0
204.0,1,7.4,4,38,2,43.91,2.79
56.2,4,3.9,6,77,0,186.08,77.97
13.9,4,5.3,8,72,1,205.61,88.31
77.4,4,6.1,3,140,0,334.16,80.56
5.9,1,7.4,8,61,0,42.6,82.95
73.3,2,9.7,4,104,0,104.72,51.86
116.2,0,6.2,9,98,3,17.52,0.0
23.7,0,4.7,4,38,2,15.91,18.86
48.3,0,7.0,9,23,3,16.64,8.29
27.5,1,8.2,2,48,1,53.12,57.53
28.1,1,6.6,6,86,0,43.48,51.29
18.3,3,5.3,5,110,1,145.44,80.41
69.4,0,7.7,5,5,1,21.89,7.51
132.6,3,7.4,3,35,2,149.78,44.13
136.1,1,5.2,6,68,0,41.61,3.82
9.7,0,7.0,3,78,1,29.88,66.93
100.2,1,7.8,5,32,0,45.94,15.53
64.7,0,8.0,4,39,0,27.52,7.19
14.5,2,6.4,9,20,2,50.72,73.55
3.8,1,6.0,1,123,1,59.14,100.0
15.5,0,8.1,3,63,1,28.79,55.9
117.3,0,4.9,3,39,1,17.64,2.73
48.6,1,7.1,5,100,1,50.46,40.13
61.8,4,4.7,3,63,2,189.2,73.5
14.8,1,7.9,5,109,3,45.32,73.13
61.5,3,6.2,8,117,3,111.68,58.97
1.9,2,8.1,6,32,2,69.7,98.26
23.1,5,7.1,5,104,0,577.32,95.9
47.8,3,4.9,2,102,2,123.0,73.09
8.1,2,8.4,6,72,1,80.55,85.84
83.6,2,8.5,3,75,0,103.78,48.26
13.4,4,7.6,7,61,2,231.72,97.26
51.2,1,5.5,4,28,0,41.8,31.82
25.4,1,6.1,5,27,3,32.11,49.24
44.0,0,6.7,4,125,1,27.27,19.6
6.0,3,5.6,8,63,2,107.22,88.02
1.3,3,8.7,2,49,2,165.64,98.97
115.8,0,6.7,5,77,3,20.31,0.0
15.6,2,3.0,3,38,2,54.71,72.63
82.7,1,6.9,6,45,2,34.87,4.98
352.8,0,6.0,8,58,0,20.42,0.0
11.9,6,6.4,5,41,1,716.17,96.26
15.3,0,6.0,5,73,0,24.68,45.48
52.7,0,7.5,8,53,2,20.61,10.2
162.0,2,8.0,5,73,1,85.16,22.69
119.3,3,6.9,5,77,2,129.23,41.85
34.0,0,6.1,5,99,0,26.26,26.69
76.6,2,6.4,6,48,0,71.17,33.89
7.5,1,6.5,2,31,2,42.36,82.3
182.5,0,5.5,7,169,0,25.55,0.39
160.5,0,7.3,5,109,0,30.9,0.43
9.1,2,7.1,2,19,0,95.4,87.96
17.6,0,8.5,7,180,3,23.95,53.84
5.6,5,8.1,4,40,2,463.42,93.59
15.7,3,5.6,2,53,1,151.61,92.68
81.7,6,7.6,6,28,0,814.07,90.1
23.3,0,5.3,8,60,0,20.53,38.79
4.9,6,7.4,8,41,2,679.22,100.0
20.6,1,5.8,9,29,2,28.9,47.76
191.7,1,5.2,8,25,0,33.66,0.0
48.2,0,6.9,1,36,0,28.72,18.81
26.3,0,3.0,4,81,0,19.97,22.8
9.2,2,4.2,7,74,2,48.18,79.93
206.0,1,6.3,4,32,2,37.56,0.0
83.0,0,6.6,6,47,0,21.91,0.0
16.4,2,6.0,6,91,0,79.19,81.62
4.0,0,4.4,4,48,0,18.38,81.49
3.3,2,5.4,8,111,3,61.22,87.82
6.7,1,7.0,5,159,0,58.68,88.73
42.2,3,7.3,5,36,2,133.76,74.92
127.3,3,6.5,10,39,2,92.08,24.53
33.5,1,8.0,5,119,1,52.67,50.72
89.4,1,7.0,3,47,0,53.7,17.48
28.8,1,5.5,5,94,0,46.73,52.1
59.7,3,6.1,7,63,2,112.51,56.6
63.7,1,4.7,7,51,2,25.26,8.64
9.7,0,6.4,7,79,2,20.07,69.75
22.0,0,7.9,6,120,1,27.8,42.73
49.2,1,7.4,4,102,0,57.91,41.65
4.0,1,8.3,8,55,3,34.18,88.78
22.0,3,6.1,8,64,2,107.5,79.09
37.2,0,8.2,3,95,0,33.6,36.89
268.3,1,6.2,3,66,3,39.95,0.0
31.4,3,8.4,9,129,2,137.39,77.71
81.8,3,6.5,8,12,1,97.32,46.01
27.7,1,7.4,8,38,2,35.66,44.96
76.9,1,8.4,8,75,2,39.21,11.2
43.9,1,6.2,5,44,2,36.68,31.75
105.0,5,6.8,6,122,0,495.58,84.08
25.9,0,8.2,5,39,0,26.01,37.68
45.0,5,6.3,2,60,3,440.1,87.48
48.2,2,4.8,7,36,0,49.15,39.1
26.4,1,9.3,5,54,1,45.1,54.28
8.0,0,5.9,6,18,1,18.74,67.86
5.2,1,6.7,5,24,1,36.18,91.8
1.3,1,8.0,5,155,2,52.16,88.42
99.8,0,5.7,3,58,3,21.75,1.41
13.5,2,5.2,4,46,0,78.98,78.21
11.9,6,6.8,3,28,0,838.29,100.0
64.4,2,4.2,3,31,0,60.39,32.79
19.0,2,6.1,9,145,3,61.41,76.0
34.4,0,6.8,3,60,2,23.85,23.51
9.0,1,6.1,4,101,0,50.24,80.79
154.7,0,4.5,6,6,2,13.03,0.0
92.1,2,8.6,6,41,3,65.46,30.04
96.2,5,6.6,3,134,2,534.65,86.88
25.6,2,8.4,7,42,3,62.4,73.15
69.5,0,6.2,7,30,0,19.9,3.23
8.0,1,5.4,3,72,2,44.24,84.46
0.9,2,6.8,4,22,1,68.51,97.76
1.5,1,6.2,9,19,2,28.1,93.8
42.9,3,5.0,7,122,2,129.26,68.11
29.7,3,8.4,6,36,2,126.82,79.42
35.5,2,5.7,2,79,2,86.3,63.51
0.9,1,4.1,5,148,0,38.27,99.22
26.9,0,8.2,5,58,1,25.31,35.15
61.3,0,5.8,3,78,3,22.86,7.85
28.6,1,5.7,5,18,3,31.3,45.97
63.7,1,4.2,6,34,0,28.56,10.62
13.2,2,8.8,4,133,0,111.66,91.5
81.0,2,4.8,7,46,0,50.48,27.28
43.1,0,6.6,7,25,2,17.44,13.02
11.9,1,7.7,4,76,2,48.4,82.24
13.5,0,7.0,7,112,0,28.04,60.72
48.0,0,6.4,2,42,1,25.26,15.75
85.5,3,4.3,7,76,2,87.15,32.88
26.3,0,5.4,3,93,2,25.85,37.9
14.8,1,6.7,2,51,1,46.55,73.73
97.3,0,5.5,6,47,1,20.28,0.91
53.6,4,6.8,5,145,1,275.56,85.92
29.0,2,7.4,8,26,0,69.87,61.8
32.6,0,7.8,4,61,1,26.98,35.6
11.5,1,4.9,4,54,2,29.87,71.2
47.8,3,9.4,5,53,3,128.26,68.64
21.8,5,7.5,5,90,2,496.75,95.19
261.5,0,6.5,4,79,2,23.55,1.68
31.9,4,7.9,6,67,0,278.38,94.5
32.4,5,9.6,7,19,1,388.2,92.35
40.5,4,4.6,8,32,0,150.11,76.86
119.8,2,6.2,9,49,0,61.75,14.43
77.9,2,3.4,4,60,2,54.6,30.25
29.3,1,6.8,6,132,3,39.31,46.17
61.4,3,7.0,4,59,0,169.1,69.45
42.9,1,6.4,6,87,1,40.35,39.66
33.0,2,5.6,5,55,2,67.94,62.04
10.8,1,3.8,10,84,0,26.88,70.89
30.4,3,7.0,6,57,1,139.62,77.24
14.0,3,8.4,9,29,2,107.67,87.09
118.7,0,5.7,7,78,2,20.02,5.46
20.1,3,7.1,8,73,0,142.22,84.45
146.5,1,4.5,7,22,1,24.32,0.0
37.1,3,7.1,5,55,2,140.64,77.71
48.4,1,6.0,4,54,1,41.49,27.68
38.1,1,5.5,4,40,0,43.19,39.94
7.2,4,5.5,1,28,2,262.18,97.69
23.1,0,6.0,5,65,0,24.2,38.66
5.5,3,7.0,5,125,2,165.99,100.0
47.3,1,4.8,5,82,0,34.06,30.34
28.9,1,6.0,9,20,3,25.83,29.67
72.7,1,6.4,8,120,1,39.43,16.21
12.5,2,5.1,3,111,0,98.2,90.41
9.1,1,8.8,4,41,0,49.8,88.61
25.5,0,5.4,5,21,0,21.53,33.1
125.9,0,5.6,4,42,3,19.65,1.18
60.0,0,5.2,7,44,3,16.84,5.17
26.6,6,8.8,5,23,1,783.99,99.02
35.5,6,7.2,5,64,1,874.2,92.77
4.7,1,5.3,8,35,2,30.76,86.5
200.7,2,7.9,7,26,3,59.74,8.58
53.2,1,6.8,3,48,1,43.35,28.59
16.6,2,6.8,6,123,1,78.85,81.47
42.8,3,6.1,5,91,1,139.2,72.68
6.1,5,5.5,4,72,2,437.52,90.52
162.6,1,6.9,2,41,0,48.97,3.69
9.7,3,5.8,5,23,2,112.22,92.78
50.6,0,8.9,4,28,1,24.73,11.13
14.0,7,4.8,4,88,2,1105.13,94.7
61.2,0,8.5,6,35,0,24.4,5.06
72.5,2,6.4,7,61,1,64.78,35.33
54.2,2,6.9,3,72,1,82.94,58.93
46.3,2,7.6,1,20,2,91.0,64.96
107.5,0,5.7,7,56,0,21.32,0.0
4.4,5,7.6,1,69,1,629.48,100.0
19.8,0,3.0,9,141,1,16.15,27.03
14.2,2,5.6,6,60,1,67.97,79.11
212.9,0,5.3,4,85,2,23.9,0.0
24.2,1,4.9,3,42,2,30.72,47.96
63.8,1,6.2,1,97,2,53.54,33.73
55.9,1,7.0,3,24,0,50.45,32.68
11.9,0,7.4,3,73,2,28.33,65.42
13.6,0,6.8,6,62,1,21.08,54.09
16.4,1,5.6,3,106,0,53.94,75.77
25.9,3,7.0,5,72,0,165.15,89.6
13.3,4,6.7,6,50,0,231.79,89.93
1.5,0,7.7,4,97,2,28.27,94.9
102.0,1,7.5,1,72,2,57.99,13.49
162.3,0,6.5,1,30,2,25.11,0.0
20.6,0,5.3,1,52,1,27.74,46.8
20.3,2,5.7,7,28,1,59.36,70.87
0.8,2,5.8,4,68,0,83.56,96.25
55.2,0,6.1,7,73,0,22.25,3.16
84.3,0,6.8,5,129,1,26.01,0.0
8.1,0,7.4,5,51,0,26.85,73.5
8.8,3,6.4,5,46,0,134.4,92.15
75.4,6,6.5,6,21,1,642.76,86.57
46.5,0,6.7,4,51,2,21.95,16.66
2.7,0,5.8,2,48,3,22.58,85.72
47.3,4,5.3,5,60,3,204.39,84.3
18.2,5,4.2,4,47,2,307.9,99.94
22.6,1,5.6,5,47,1,38.51,48.78
71.0,0,7.1,6,60,2,23.16,4.99
80.5,0,5.6,5,53,2,20.86,0.71
25.0,2,6.2,6,47,0,70.98,60.12
141.6,1,7.1,5,46,1,44.17,0.0
25.5,0,7.2,7,150,2,26.12,40.39
71.4,2,5.1,6,45,1,65.38,40.62
32.2,0,7.8,5,49,1,24.73,30.36
109.9,3,8.0,6,18,1,125.67,42.84
114.9,1,5.0,8,97,0,40.42,5.75
4.9,0,5.4,5,11,1,19.37,83.54
132.8,2,8.0,5,31,0,82.47,27.5
84.3,1,6.3,7,76,0,40.35,10.32
75.7,6,3.6,6,16,0,513.29,79.29
11.3,1,4.7,2,38,2,32.38,63.2
79.0,0,6.2,8,55,0,20.27,6.65
91.6,2,5.0,1,53,1,90.12,36.03
16.9,0,6.0,7,37,0,20.28,44.1
146.5,4,6.5,7,86,3,196.42,41.17
3.0,1,8.4,9,88,0,43.47,90.7
8.3,1,6.1,2,77,1,49.7,83.59
37.5,0,7.9,6,43,3,20.31,16.51
41.7,1,8.4,5,61,2,44.08,37.43
50.2,3,8.4,4,40,0,160.91,69.57
1.3,3,6.9,2,176,2,175.81,96.52
155.4,0,3.9,5,67,1,16.89,4.24
2.7,0,7.1,5,43,1,24.34,90.36
7.9,3,7.9,2,159,0,227.45,98.73
1.2,5,6.4,6,46,0,412.86,96.56
40.7,0,8.8,7,66,2,22.35,5.85
129.7,1,7.6,7,86,1,44.01,3.42
53.1,1,7.2,8,41,1,37.44,21.18
83.5,4,7.9,5,39,2,242.72,72.11
1.1,0,6.9,9,95,2,18.98,100.0
38.0,0,3.3,8,86,0,16.41,12.31
30.0,3,5.9,4,86,2,139.7,90.25
33.7,0,8.1,3,73,0,31.87,36.73
4.1,1,5.5,5,149,2,45.36,89.15
55.9,1,6.2,5,58,2,38.04,24.22
34.1,1,5.1,5,34,3,32.73,41.51
70.0,1,8.8,6,27,0,42.96,26.01
32.4,1,8.7,7,45,0,42.89,44.96
8.3,0,5.4,5,5,0,20.55,67.66
13.1,4,3.5,7,75,2,156.49,88.92
37.0,3,4.1,5,67,2,94.56,63.37
33.8,0,4.1,7,74,3,13.63,7.11
30.2,3,5.2,6,110,0,148.93,78.58
0.5,4,5.7,3,73,3,237.07,98.03
3.8,2,5.3,5,74,2,71.27,93.04
4.0,2,4.4,3,71,1,62.05,92.88
6.4,5,6.5,9,130,0,436.4,99.97
492.3,0,7.3,5,79,3,23.47,1.2
13.8,0,6.0,7,15,0,19.07,47.13
1.0,4,6.1,5,87,2,238.27,100.0
28.2,1,4.9,10,63,2,22.69,19.59
49.5,2,3.8,7,82,1,51.17,33.22
13.2,1,8.0,8,10,2,32.97,62.07
17.9,1,3.2,9,75,3,22.39,43.44
308.7,3,7.9,3,148,1,197.67,26.14
120.8,1,6.2,9,99,3,31.61,2.67
14.2,2,5.4,2,82,2,86.93,89.89
6.2,4,6.8,8,58,0,214.39,100.0
51.9,8,3.6,4,102,3,1884.05,99.33
9.9,0,8.5,5,54,0,27.06,74.03
22.2,2,2.9,3,51,2,41.53,65.3
255.4,2,3.5,8,122,1,53.47,1.4
28.8,0,7.9,5,49,3,21.76,21.92
92.0,2,8.5,7,99,3,71.88,25.72
17.4,3,6.7,5,137,0,165.34,89.42
6.0,5,4.5,8,137,2,306.79,100.0
23.0,5,7.9,6,40,0,467.28,91.02
13.0,4,6.6,4,41,1,233.83,88.82
6.8,1,7.5,6,98,0,51.43,87.29
12.6,3,4.7,4,88,0,118.43,81.23
73.1,2,7.0,10,120,0,80.58,36.99
59.9,0,4.4,6,88,2,16.18,2.63
28.9,0,7.2,7,39,0,23.45,30.26
52.2,5,6.6,10,60,0,354.56,82.71
0.5,1,5.8,3,70,0,49.52,95.26
2.3,2,6.5,8,146,3,64.3,99.53
38.5,2,8.3,10,115,2,70.84,63.34
1.8,1,6.1,3,48,0,46.82,92.22
67.4,3,4.9,1,127,3,127.58,59.85
278.0,2,3.0,5,180,2,61.24,0.0
25.3,0,3.5,7,58,0,16.07,21.34
84.1,3,4.4,6,126,2,102.87,41.78
16.2,2,4.8,6,102,2,54.16,73.08
14.9,2,6.3,9,50,3,50.44,77.19
50.1,9,6.3,4,131,3,4822.94,98.6
63.4,0,5.7,4,68,1,23.88,2.56
63.4,1,8.2,4,171,3,50.58,30.3
35.4,3,2.4,9,56,1,57.64,55.35
1.7,1,8.4,5,31,1,42.42,89.76
52.6,7,7.9,8,57,2,1274.85,92.4
15.8,4,5.6,10,103,1,202.33,94.39
9.4,1,4.8,4,32,0,31.7,64.68
58.6,6,6.9,5,19,3,593.19,88.11
11.7,3,7.2,9,63,3,107.96,93.06
37.0,1,6.9,6,41,3,31.62,25.22
101.7,7,10.0,2,83,1,1972.4,90.59
21.0,1,6.1,5,48,2,37.07,58.51
3.2,4,6.6,8,106,3,196.12,93.58
0.5,3,5.7,2,66,0,169.25,100.0
162.4,4,5.7,6,75,1,228.61,48.09
31.8,2,6.1,9,85,2,60.05,64.3
355.1,2,5.8,5,39,3,59.71,0.0
38.3,0,6.7,5,98,2,23.29,14.42
3.5,4,4.7,8,180,2,170.44,99.05
130.2,0,8.1,7,95,0,26.97,0.0
17.3,1,5.1,8,85,1,36.39,71.66
11.0,1,4.5,7,32,0,27.01,67.56
58.1,6,5.6,10,46,1,569.9,85.25
3.6,0,4.9,5,59,2,15.89,90.1
197.7,6,7.5,1,127,3,1140.83,81.95
6.5,0,7.7,6,84,0,27.64,77.27
70.0,4,6.9,4,47,1,237.58,73.65
71.2,0,4.2,7,84,0,17.14,6.0
39.6,5,8.2,8,31,3,336.66,85.37
5.2,3,4.5,7,110,2,94.39,93.48
3.3,6,7.8,8,38,3,617.63,100.0
7.1,0,8.6,6,22,3,19.18,66.13
1.6,1,4.9,7,128,0,34.1,87.12
92.8,2,5.1,5,111,2,77.74,23.76
2.0,0,9.2,7,61,2,22.07,79.24
170.5,0,4.9,5,23,2,14.43,4.71
112.6,5,5.7,4,110,2,478.53,75.59
181.9,3,6.1,7,111,3,115.63,20.28
1.6,1,6.7,6,180,0,48.38,100.0
33.5,1,5.7,9,141,0,41.87,46.04
12.0,4,4.9,5,51,2,163.4,95.27
135.0,2,10.0,4,154,0,111.74,27.08
57.0,1,6.2,8,101,3,33.24,12.93
118.5,4,8.9,7,122,1,278.72,61.52
7.7,0,5.9,4,70,2,23.04,70.53
40.9,1,5.2,9,123,1,37.91,39.6
1.9,2,4.1,5,95,0,63.23,95.76
24.5,4,7.7,3,105,1,334.21,89.56
17.4,2,6.5,7,113,0,79.19,80.46
103.1,6,3.0,4,88,0,690.71,82.25
145.6,0,7.3,5,132,2,28.9,3.96
6.9,9,4.4,10,83,1,2735.9,100.0
101.9,8,5.2,7,131,2,2490.72,94.85
281.2,4,5.6,7,51,2,196.39,23.76
0.5,5,7.5,6,48,3,388.91,100.0
25.5,5,7.4,7,83,3,403.67,92.67
617.6,0,4.9,7,108,2,16.11,0.0
7.6,6,6.2,5,31,1,697.04,100.0
17.5,3,4.7,10,164,3,79.34,83.82
53.1,2,6.2,9,66,0,64.49,42.89
5.4,8,5.5,10,76,1,1992.52,91.45
45.6,1,5.6,6,180,0,48.38,39.85
48.3,9,6.3,5,180,2,4998.65,99.8
26.7,9,8.6,6,145,3,4996.19,99.33
57.6,6,5.7,9,52,2,580.7,90.52
720.0,1,5.7,7,56,1,35.53,0.0
64.6,0,7.4,7,180,1,27.21,5.93
16.4,1,6.9,1,66,0,55.89,66.32
1.6,6,7.5,7,180,2,888.5,100.0
75.4,4,5.2,8,101,2,211.51,71.86
23.6,1,7.7,7,60,2,39.63,51.58
61.3,1,7.4,6,99,3,42.0,26.53
60.6,2,7.2,5,120,0,102.61,53.71
9.9,1,6.8,9,180,0,41.87,81.26
11.4,6,8.2,7,55,3,677.74,99.53
68.4,1,5.3,5,96,2,41.73,14.89
34.7,1,5.4,4,66,2,41.06,40.03
22.1,2,5.1,3,46,3,68.31,69.39
368.5,2,5.5,7,74,3,58.89,0.0
28.9,2,7.6,6,164,2,89.03,82.17
14.8,5,7.8,5,51,2,450.99,98.91
53.7,1,4.2,5,89,0,34.64,18.77
57.9,7,5.2,5,31,2,1204.48,97.69
30.0,4,4.3,8,20,1,134.43,75.83
14.1,1,8.3,8,80,2,39.69,70.2
2.1,3,5.7,5,92,2,133.95,99.33
1.6,9,5.8,3,92,2,5115.41,97.7
2.0,6,7.0,7,83,2,792.66,96.73
6.0,3,5.2,5,53,0,136.88,96.52
62.4,0,4.3,4,111,0,21.42,0.5
9.6,1,5.8,5,90,1,42.86,83.61
69.5,1,8.2,1,153,3,61.21,31.15
340.0,3,7.4,6,94,2,146.74,12.31
34.8,2,5.8,2,180,0,109.88,71.82
26.4,1,6.8,6,180,2,43.01,48.67
258.5,1,6.1,8,93,3,32.63,0.0
27.0,0,7.1,9,93,3,19.91,24.19
7.8,4,5.3,7,94,0,245.65,96.94
285.6,1,6.9,6,74,3,34.41,0.0
14.0,0,6.4,6,45,0,21.79,58.64
3.2,1,4.8,4,78,0,35.69,88.5
40.4,0,7.4,2,49,2,28.4,25.52
49.3,4,6.0,7,129,0,265.77,81.86
70.4,1,5.7,10,73,3,28.43,12.61
6.4,0,8.0,6,117,0,29.83,81.52
17.1,1,6.0,8,35,0,34.6,66.81
63.2,6,4.6,6,131,3,555.91,89.61
35.3,3,5.3,8,46,3,94.07,69.97
16.5,4,6.9,9,39,2,173.18,87.29
272.6,6,4.5,4,180,3,623.35,61.43
42.9,5,5.5,7,101,3,366.2,89.55
71.8,4,5.7,5,134,1,275.56,73.39
19.0,1,8.0,7,67,1,42.02,61.78
219.8,2,4.4,6,81,2,51.55,0.6
5.5,1,6.2,5,118,2,43.87,93.87
0.5,1,6.6,9,145,2,37.22,99.42
0.6,2,5.0,3,76,2,80.41,100.0
128.0,0,8.5,4,90,2,27.81,0.0
81.2,5,5.9,7,101,0,449.42,85.09
20.0,2,8.2,4,42,0,89.87,74.72
5.9,5,6.7,5,119,2,461.55,100.0
4.1,0,4.7,7,57,3,13.06,72.12
50.1,0,5.6,6,76,2,20.96,14.97
338.4,2,7.2,9,66,0,74.17,1.4
59.5,3,4.5,8,180,0,106.53,61.31
94.8,3,5.2,7,57,2,110.81,43.36
43.3,5,5.8,4,29,2,391.1,93.1
5.8,4,4.3,5,49,2,162.55,96.37
1.0,3,10.0,4,65,0,171.69,93.86
27.4,2,8.8,7,38,1,70.15,67.21
119.9,2,9.8,5,125,2,92.22,39.38
23.9,2,6.9,5,32,0,71.91,77.17
0.9,4,5.4,6,85,0,252.95,98.75
136.8,1,6.2,6,117,1,43.23,5.82
0.5,5,6.7,7,129,1,442.96,93.53
12.5,1,2.9,8,54,3,16.31,40.85
59.7,1,5.3,7,94,0,42.12,26.2
107.4,4,9.1,8,110,1,258.62,62.48
4.7,3,7.4,7,34,3,109.93,97.77
2.3,4,5.3,1,81,0,338.22,92.28
29.6,4,4.8,5,91,2,180.41,83.31
1.2,1,3.7,8,38,0,26.16,84.06
11.8,2,4.8,10,180,3,44.08,79.14
20.8,2,4.2,5,124,0,67.51,70.31
146.2,2,7.0,6,70,0,86.56,17.76
6.8,0,5.8,7,81,2,20.17,64.48
1.1,0,7.9,4,170,3,28.1,98.04
122.0,1,5.2,5,105,1,44.38,16.99
22.0,9,4.1,5,23,1,2981.9,100.0
51.5,0,4.6,4,74,3,16.0,8.77
5.1,3,7.7,6,116,2,154.3,100.0
7.3,2,6.6,4,105,1,84.51,96.39
39.2,0,4.8,5,94,1,18.03,8.0
15.0,2,6.5,4,117,1,86.82,82.16
1.5,0,5.3,7,57,1,19.79,83.92
21.9,3,6.7,5,65,2,125.45,78.33
4.7,4,5.7,7,122,3,213.28,93.31
76.4,6,5.1,10,133,2,672.59,98.49
72.4,2,7.1,10,40,2,58.99,29.19
32.5,5,4.3,7,46,3,239.87,86.19
0.5,0,7.8,6,77,3,22.15,100.0
121.5,5,7.8,7,63,3,384.28,75.0
1.0,0,8.5,10,59,0,21.52,95.51
163.0,1,6.1,6,83,1,39.97,9.49
12.4,4,7.6,5,77,2,267.5,93.39
32.5,3,7.8,1,94,1,206.35,80.56
171.3,2,7.9,5,180,2,93.9,17.74
28.5,4,5.6,6,66,3,196.75,81.82
13.3,1,2.0,3,142,0,31.51,66.78
29.5,6,5.7,2,137,1,1068.05,91.82
337.8,1,5.7,5,97,3,38.34,1.97
72.8,1,9.7,7,123,1,47.9,22.83
16.0,1,3.8,5,57,1,29.64,54.42
5.8,4,2.0,7,46,3,97.72,99.63
22.9,1,5.1,8,87,0,39.49,49.06
118.9,3,8.9,7,80,0,151.8,38.88
48.3,5,8.5,4,63,0,553.47,93.04
44.0,9,7.3,8,98,3,4184.01,96.18
8.2,5,6.6,1,52,0,566.18,100.0
207.4,5,6.8,8,80,1,377.41,53.95
2.4,1,8.6,4,69,3,43.61,98.45
64.0,1,6.6,5,29,1,36.69,23.82
27.4,5,6.4,1,111,0,652.87,95.83
21.1,8,3.9,2,80,1,2298.74,97.77
26.2,1,5.0,7,107,0,43.4,55.73
63.2,6,8.0,6,71,2,809.73,90.5
202.2,3,6.5,5,69,1,131.99,18.36
413.4,2,5.3,6,53,1,66.76,0.0
138.3,2,6.1,6,125,3,69.7,9.96
11.5,8,3.9,4,50,3,1659.0,88.29
28.0,1,6.3,1,115,2,55.78,52.11
23.7,0,3.8,5,57,1,16.47,24.22
253.2,2,7.7,6,100,3,75.78,7.16
21.9,3,8.1,7,171,3,139.65,85.07
55.1,2,7.9,8,35,3,58.36,30.78
22.3,4,5.8,5,37,2,209.93,89.02
214.9,0,3.0,9,11,2,11.44,5.95
14.7,6,6.9,7,81,3,628.8,100.0
92.3,2,9.3,3,45,1,89.03,32.66
0.5,0,5.4,10,127,1,20.33,99.8
0.5,9,5.4,6,64,0,4539.73,99.31
45.6,0,6.0,8,119,1,21.86,8.09
14.7,4,8.6,5,70,2,262.93,100.0
122.1,2,4.2,8,24,0,45.32,16.28
25.2,1,4.5,3,136,1,39.79,50.26
33.2,2,5.0,7,19,1,57.88,58.61
268.0,1,8.2,3,59,3,45.14,3.11
124.5,0,5.6,6,59,3,18.41,0.63
24.5,1,4.9,3,164,0,42.97,62.13
22.6,3,6.0,5,101,1,142.48,89.87
133.3,6,6.9,6,86,3,669.38,78.52
50.9,3,3.0,6,81,2,92.79,52.78
219.5,4,4.1,7,70,2,154.57,16.19
235.7,4,10.0,4,55,3,245.48,39.53
319.6,0,6.3,10,106,1,19.41,0.19
13.4,7,9.2,4,80,2,1662.36,100.0
26.2,4,3.4,5,54,2,164.68,83.71
213.4,1,7.7,8,47,0,41.09,0.0
17.0,4,7.0,7,123,2,268.15,91.82
110.9,1,4.7,8,69,0,28.35,4.32
506.2,0,7.5,5,117,0,31.46,1.58
32.6,0,4.9,5,79,0,18.79,11.76
108.8,0,2.1,2,74,0,16.28,3.04
40.3,2,4.7,5,34,3,44.18,38.56
5.2,3,6.0,6,164,3,127.73,97.63
97.1,2,7.7,5,65,1,83.49,36.6
29.3,2,4.4,7,102,3,47.2,49.68
10.4,1,5.6,8,41,0,35.16,72.15
79.6,2,4.2,8,180,0,59.18,31.1
24.6,1,7.1,8,43,1,37.64,55.27
59.1,2,6.9,3,142,0,103.13,57.01
22.2,1,5.6,5,73,1,41.14,62.03
6.9,6,6.3,7,61,2,652.85,100.0
230.7,4,6.1,8,140,3,208.32,26.89
35.8,0,9.0,8,161,2,24.9,16.92
114.0,2,8.3,3,180,3,96.64,29.73
0.5,6,9.2,8,103,2,791.71,98.82
44.5,2,4.5,3,180,3,63.03,50.05
207.3,1,6.6,3,168,2,50.93,3.74
371.4,3,6.9,6,110,2,132.38,9.57
143.2,1,8.1,5,53,1,44.98,6.87
332.8,4,5.0,8,117,2,219.3,20.54
15.7,4,5.8,6,132,3,229.26,78.21
68.7,3,3.7,10,84,2,77.41,36.21
16.1,4,4.9,5,86,3,163.42,97.17
19.6,0,7.5,6,33,2,21.57,52.84
22.8,1,7.6,6,88,1,46.52,63.25
12.4,1,4.6,6,46,0,29.5,64.94
93.0,0,4.1,10,40,1,12.37,0.0
8.3,4,5.7,9,66,2,185.74,93.72
11.0,3,5.0,7,55,1,114.83,91.11
7.5,0,8.8,7,61,2,22.07,77.08
49.6,1,5.1,6,125,1,44.0,27.13
132.6,3,7.3,7,102,3,130.28,33.63
46.1,3,7.5,10,70,1,119.49,78.41
87.3,3,7.3,6,102,3,137.03,52.68
3.0,6,4.8,5,77,1,588.78,90.51
4.3,0,4.6,6,104,3,15.39,71.3
463.0,1,5.3,7,57,1,35.62,0.0
5.9,0,6.1,7,49,0,20.94,73.3
3.8,4,4.9,7,180,3,163.94,90.24
23.0,0,7.1,5,136,1,30.19,44.88
28.7,0,6.5,4,180,2,26.66,34.16
18.7,2,7.9,3,50,0,97.43,74.87
0.5,0,5.7,7,45,3,16.88,93.5
189.0,2,8.1,3,53,0,98.19,21.91
135.6,8,6.5,3,140,3,2858.23,94.52
2.5,6,4.7,7,123,0,637.45,100.0
99.0,0,8.6,7,97,1,25.09,5.17
49.6,1,5.8,6,87,2,38.74,33.16
66.3,1,6.4,5,116,2,43.68,19.39
101.8,0,8.8,3,62,2,27.57,1.06
5.6,5,5.1,5,102,1,462.71,94.28
14.4,3,6.7,1,180,0,211.63,98.73
14.0,6,5.2,6,79,0,807.8,98.83
13.7,4,8.1,7,109,0,292.42,99.15
3.5,2,4.1,5,59,2,51.48,96.77
53.9,1,5.9,5,87,0,45.96,34.07
96.9,2,7.7,6,43,3,65.81,36.21
124.7,3,8.1,7,83,1,141.58,44.23
16.1,1,7.0,6,71,0,48.21,77.72
4.7,1,2.4,6,83,1,21.98,82.71
187.9,5,8.5,10,51,2,354.15,64.87
15.1,3,6.1,7,107,3,114.58,80.72
36.7,3,5.7,2,86,2,157.98,70.45
21.9,2,6.5,8,47,1,59.55,64.23
47.3,5,7.2,6,162,1,540.84,85.98
14.1,3,4.4,7,71,3,78.91,77.57
16.8,2,6.9,7,28,3,52.24,73.14
43.9,2,5.2,4,76,1,78.92,52.92
2.6,9,9.1,9,64,2,4015.92,96.2
22.6,2,8.0,5,127,1,96.48,72.29
2.6,2,6.3,8,123,3,62.87,99.45
3.0,3,9.3,7,156,1,158.7,100.0
22.1,9,6.1,7,60,1,3956.01,97.39
18.9,2,3.6,10,98,2,44.45,64.15
67.9,4,7.2,8,75,0,257.26,74.58
6.8,0,7.2,6,64,2,23.39,70.43
75.5,5,5.7,2,137,2,569.63,86.22
536.6,1,7.0,3,37,3,42.61,0.0
14.9,3,7.5,6,127,2,158.07,83.24
102.9,2,5.8,7,140,2,73.6,25.51
18.7,4,5.9,3,99,2,275.17,93.29
5.9,0,6.0,1,104,2,30.23,78.31
24.8,0,5.8,8,155,3,19.84,29.36
6.8,2,5.8,10,46,0,58.63,84.59
68.9,4,8.1,5,180,3,278.87,77.9
717.1,3,7.0,6,107,1,157.51,2.89
11.9,2,6.8,7,54,0,68.72,80.08
15.0,1,4.4,7,42,0,27.75,59.21
13.0,0,6.1,7,120,2,22.07,59.12
30.1,5,6.4,4,25,2,386.78,93.31
8.1,0,5.8,7,180,2,22.72,74.57
1.8,6,7.6,9,62,2,685.13,91.27
0.7,1,4.2,8,59,0,27.64,94.58
87.9,5,5.1,6,84,3,370.11,82.84
73.5,2,2.0,2,50,1,45.97,19.93
279.0,0,4.8,7,77,0,16.85,5.9
16.4,3,8.5,5,159,0,190.14,93.55
40.3,0,4.3,4,37,2,15.87,11.75
376.8,0,5.2,4,69,1,23.94,0.0
9.6,3,8.3,6,81,2,142.28,92.7
7.8,0,4.2,2,92,3,18.89,64.94
37.3,5,3.3,7,40,1,268.27,87.59
6.9,0,7.1,3,180,2,32.54,86.68
43.2,3,7.9,5,129,1,174.42,71.25
16.1,1,6.7,9,100,2,34.56,61.58
3.7,5,2.0,2,44,2,253.32,100.0
7.4,2,6.4,5,167,1,85.05,100.0
1.0,1,5.6,2,82,1,50.31,100.0
126.0,5,6.2,5,94,2,436.04,78.45
137.6,1,5.7,9,64,2,31.69,0.0
4.7,0,5.2,6,52,3,18.08,79.68
75.9,5,6.8,6,84,3,370.11,84.7
3.3,4,4.5,9,155,1,169.58,99.39
8.1,3,5.2,8,128,1,130.01,99.27
24.1,4,6.6,7,55,1,206.7,93.56
20.9,3,6.5,8,104,2,118.32,91.64
3.9,5,5.5,5,64,1,422.32,100.0
38.1,0,7.8,7,104,2,24.48,22.5
19.3,3,10.0,5,60,2,142.45,83.88
13.2,3,2.0,5,87,0,81.91,84.17
24.0,3,5.2,7,92,3,110.68,77.17
33.8,1,6.4,1,148,2,58.06,51.56
22.3,2,7.4,7,66,0,81.48,82.67
191.3,3,5.1,3,53,2,136.61,20.58
42.4,3,3.4,5,73,2,95.97,62.52
1.1,2,7.4,9,157,0,86.67,97.15
4.8,0,6.0,7,96,0,23.51,80.53
13.5,8,5.6,9,77,2,2003.53,95.94
25.7,1,6.9,9,36,0,33.14,49.35
15.0,4,3.8,5,75,0,195.3,93.67
9.9,4,5.8,5,70,0,257.22,100.0
52.2,2,5.2,6,141,2,77.41,53.91
21.5,4,6.7,4,180,3,256.52,98.95
17.1,1,7.5,6,180,2,49.46,65.32
13.5,3,6.1,7,108,3,114.84,89.33
306.7,4,6.8,7,81,3,194.07,14.91
11.8,3,7.3,6,70,2,138.5,96.38
79.2,5,5.0,4,29,0,439.99,87.86
21.5,0,6.5,6,51,0,22.14,40.68
148.4,6,5.1,3,51,2,792.58,86.41
53.8,3,5.6,8,68,3,99.53,54.73
20.3,6,7.1,5,162,1,1026.74,98.88
88.4,0,6.6,9,53,2,17.12,6.2
32.9,2,3.3,6,57,1,50.59,55.4
15.8,0,6.4,9,37,1,17.09,37.97
45.0,1,8.1,7,56,3,35.96,28.87
78.6,5,7.1,7,68,1,442.19,91.67
12.9,2,8.0,9,135,2,77.04,90.51
31.2,0,6.7,5,67,0,24.32,25.22
8.0,2,5.5,4,72,0,84.4,89.45
1.2,1,4.7,7,49,0,28.26,94.89
9.0,3,6.6,3,106,2,155.35,97.83
104.0,2,3.8,5,83,1,56.91,12.31
7.1,1,7.9,6,65,2,42.22,87.51
120.4,1,7.0,6,180,0,55.64,11.94
0.9,1,7.0,8,61,3,34.71,97.19
121.8,0,6.5,7,10,2,16.71,0.0
2.1,0,7.5,5,31,3,20.74,89.58
3.4,2,6.8,7,141,0,82.8,91.13
1.7,5,7.0,4,20,0,493.42,98.87
44.5,0,6.1,9,57,2,17.29,6.31
36.4,0,2.5,7,45,2,10.13,8.94
40.2,4,2.5,7,74,2,114.48,67.44
133.6,4,9.4,7,70,0,266.64,64.05
28.7,5,4.8,5,53,3,271.01,87.13
70.0,4,4.9,5,107,2,187.21,71.65
52.1,0,6.1,8,116,3,19.11,5.31
261.5,1,7.3,2,114,1,62.31,0.0
16.2,1,5.9,5,20,2,34.34,67.19
147.2,0,5.3,8,116,2,20.84,0.0
19.2,4,4.8,8,78,2,150.23,83.26
129.6,5,5.4,3,67,0,515.98,80.21
48.1,2,5.3,4,39,1,71.78,45.46
3.2,2,7.0,4,180,3,91.05,94.75
2.1,0,7.1,3,111,3,28.4,87.7
69.2,1,3.9,6,65,2,27.53,4.62
18.1,3,6.9,6,49,2,114.16,90.36
18.8,1,6.6,3,118,3,45.15,66.56
10.6,3,6.2,8,79,1,116.2,89.83
2.8,1,6.1,7,74,0,40.15,91.76
8.2,1,4.8,7,153,0,34.5,80.95
39.0,4,7.7,7,72,2,238.19,86.9
6.3,4,3.3,5,87,3,163.81,93.43
43.8,0,6.4,4,36,2,21.1,6.17
29.6,4,5.3,6,103,3,214.98,84.13
13.7,3,10.0,8,42,3,107.04,82.39
4.2,2,5.8,4,163,1,89.97,98.82
411.1,1,5.5,7,45,1,34.53,0.0
115.9,0,3.8,1,109,0,25.8,2.37
9.2,0,7.7,6,61,2,23.22,68.32
18.4,2,7.2,9,71,3,61.19,83.25
18.5,5,8.5,3,109,1,607.07,94.2
94.8,0,6.3,8,122,2,21.12,1.38
22.7,0,7.0,6,91,2,24.98,33.44
87.7,2,3.6,8,163,0,59.18,17.67
482.7,1,6.8,10,91,3,29.69,3.23
3.5,5,6.7,7,80,0,427.69,100.0
16.1,0,5.0,4,70,1,24.0,50.44
7.4,0,6.0,1,131,1,33.43,86.58
31.9,2,8.7,2,57,2,93.95,70.95
16.8,1,4.9,6,164,3,29.57,52.44
245.6,7,5.3,3,180,1,1804.44,90.56
7.2,5,6.5,9,46,2,317.59,99.62
10.5,2,6.9,7,131,0,82.38,80.84
0.9,5,7.1,6,49,3,389.93,100.0
6.7,1,7.4,9,153,1,44.58,85.51
20.9,1,7.5,4,84,1,51.4,61.78
6.4,0,7.2,3,61,3,25.2,83.39
53.0,1,4.9,8,90,1,27.62,17.21
14.7,3,4.9,7,34,0,87.98,87.57
52.4,0,7.7,6,77,2,24.16,11.65
100.2,5,8.1,6,116,2,499.92,81.32
148.0,2,9.9,7,115,0,91.48,19.64
21.0,2,9.2,5,149,3,86.07,72.78
461.3,2,7.0,4,144,0,111.74,0.0
6.8,6,7.2,6,89,3,775.3,100.0
5.7,1,6.6,7,93,3,34.24,90.79
46.0,1,8.0,10,93,3,34.3,25.31
30.6,0,3.7,8,152,3,14.88,15.46
76.7,1,9.1,7,58,2,39.43,14.74
205.0,3,5.5,5,83,3,120.19,16.49
5.7,0,3.9,9,40,1,12.92,67.25
19.9,3,7.6,4,22,0,153.15,98.46
2.6,0,6.8,8,128,1,22.29,88.65
1.1,1,5.3,7,53,0,38.08,100.0
13.3,1,4.8,5,135,3,31.18,61.05
255.2,2,5.2,6,140,0,87.09,0.0
142.5,3,5.8,9,83,3,98.62,21.3
1.7,4,6.9,4,39,1,232.58,93.18
4.6,4,5.9,7,158,3,218.59,100.0
59.5,5,10.0,9,69,2,387.37,89.54
3.1,1,8.5,7,166,3,43.1,91.43
1.3,4,5.1,9,180,2,217.06,88.75
12.8,1,5.5,5,38,2,36.09,76.49
90.9,4,5.0,8,91,3,189.42,63.34
73.7,1,6.9,4,30,1,38.92,10.43
6.1,4,5.0,2,65,0,303.88,91.03
49.0,5,8.6,4,122,3,518.11,98.49
178.4,0,3.5,6,68,2,15.41,0.0
15.1,0,6.3,7,29,0,19.84,44.32
3.2,1,6.2,6,86,1,40.26,89.4
17.0,1,5.3,6,71,1,38.82,66.33
28.5,6,5.1,7,83,0,775.43,97.88
20.6,7,2.0,3,49,3,715.52,97.58
22.7,1,6.9,7,50,0,37.78,58.59
46.5,5,4.9,9,66,2,250.75,86.69
53.6,4,6.7,6,91,0,256.58,79.35
18.1,6,7.5,3,57,2,925.69,95.43
35.5,0,4.7,1,19,3,16.74,5.64
49.3,1,6.4,8,37,2,30.92,27.48
7.7,2,5.9,8,180,2,70.14,90.39
122.6,5,8.1,8,118,3,417.05,78.54
71.6,0,4.4,6,34,2,14.11,6.32
37.9,1,2.0,6,81,0,23.63,20.82
150.3,0,6.2,6,171,0,26.88,5.44
67.7,1,8.0,7,145,3,43.1,18.58
4.4,2,7.6,8,150,2,80.66,90.99
271.4,5,6.2,8,97,3,345.78,35.03
3.6,2,8.7,6,82,1,82.54,97.67
4.7,2,6.9,9,167,1,69.78,85.0
63.9,7,5.7,5,33,0,1362.48,98.04
82.7,1,4.1,5,46,3,25.35,0.0
3.6,3,4.5,3,58,3,95.13,100.0
111.3,1,6.4,7,111,0,43.8,8.33
65.8,1,7.8,6,23,2,37.77,22.16
6.9,1,5.8,6,61,2,36.34,86.6
32.2,1,4.6,6,104,3,27.71,35.73
97.6,1,2.0,5,134,1,25.99,2.31
20.5,0,5.9,4,52,2,22.01,39.36
308.0,1,5.3,2,96,1,52.0,0.0
18.2,0,8.3,2,132,0,38.89,64.75
81.6,1,5.4,6,76,1,39.3,10.17
5.1,1,6.5,7,49,0,37.69,87.64
33.0,2,7.2,8,144,3,73.94,60.78
466.8,5,5.7,8,125,3,368.28,22.57
2.7,4,4.3,5,93,1,188.81,98.57
17.1,1,9.4,6,16,1,38.57,62.69
119.9,3,5.1,5,54,2,121.98,30.74
3.6,2,7.0,4,38,3,72.45,88.64
20.2,6,8.8,4,43,3,770.79,99.98
7.1,9,7.4,8,70,0,4801.58,100.0
386.2,6,7.1,5,64,3,769.3,50.19
6.5,0,6.4,7,66,0,21.87,74.79
90.8,5,8.1,6,100,3,441.94,86.17
32.6,3,4.1,5,39,0,98.94,72.98
2.6,3,5.6,4,69,2,134.04,90.89
20.5,2,6.8,5,180,2,81.65,74.49
165.6,4,5.9,4,66,2,239.47,50.29
2.0,6,8.5,7,59,2,746.97,98.5
1.2,2,4.1,8,98,3,44.57,99.0
39.2,0,8.6,5,70,2,25.05,22.45
17.2,0,8.2,6,91,3,22.9,49.27
16.7,2,4.0,8,155,0,59.18,70.44
1.4,4,7.1,3,180,0,384.28,99.9
28.8,3,4.9,7,145,2,99.36,80.42
313.7,0,5.8,10,151,2,19.79,0.0
17.7,0,6.3,6,89,0,24.33,48.62
8.3,2,3.8,7,26,0,47.82,82.56
240.5,0,6.2,8,161,3,19.84,0.0
107.4,0,5.6,4,87,0,27.01,0.0
6.0,1,7.9,5,44,1,43.94,91.62
28.4,0,8.1,3,121,0,35.64,44.7
10.4,5,3.9,8,101,1,297.44,98.62
58.6,0,7.3,10,61,3,17.63,6.87
27.6,0,4.5,4,123,1,20.37,22.22
103.2,3,5.9,1,49,1,160.54,49.31
168.7,1,4.7,3,134,1,39.79,0.0
241.0,1,9.6,9,83,2,38.18,1.91
113.6,2,5.6,9,102,0,70.31,23.06
46.5,0,3.3,8,175,1,16.91,17.42
37.1,2,5.2,5,57,0,76.83,67.48
7.9,6,5.3,5,35,1,704.69,95.67
21.8,0,3.8,8,53,0,15.12,28.54
38.4,6,8.4,6,180,1,973.51,100.0
82.7,0,6.6,6,90,0,24.38,0.0
52.0,2,5.8,3,83,3,74.97,44.11
14.0,3,6.4,7,45,0,120.83,93.15
184.0,5,5.0,9,85,2,350.24,58.05
0.5,1,6.6,6,31,0,37.77,100.0
13.6,7,6.5,5,129,1,1592.15,100.0
7.9,2,3.2,6,42,3,42.81,82.63
87.1,8,7.1,6,25,1,2421.94,100.0
12.4,4,4.8,7,14,3,122.02,81.8
7.3,2,6.8,5,80,1,75.33,91.75
147.6,3,5.9,2,83,0,176.45,55.14
17.2,0,6.0,9,151,0,23.26,49.89
40.8,3,7.0,7,163,1,158.7,76.56
34.9,0,9.2,4,113,3,26.88,25.64
128.1,4,6.6,7,39,0,214.04,54.47
225.4,0,5.9,5,39,0,22.62,0.0
4.6,0,3.4,7,89,2,15.42,73.89
19.0,2,5.9,9,70,3,53.08,70.89
