revision_timing,nth_revision,sleep_duration,topic_difficulty,study_duration,session_time,S_true,retention_percentage
41.2,0,5.1,2,52,afternoon,25.93,25.26
79.1,0,7.1,6,50,night,20.69,3.57
69.0,4,6.9,7,50,evening,195.88,67.39
8.5,0,7.7,7,102,afternoon,25.38,75.28
8.3,0,5.5,3,97,morning,29.35,75.43
15.5,3,6.5,8,70,morning,122.76,88.27
22.0,1,4.7,6,62,morning,30.74,44.68
25.7,3,7.4,8,52,night,109.9,75.68
55.1,0,7.2,5,180,evening,28.98,12.05
3.3,1,7.1,5,24,evening,39.94,92.23
2.2,0,6.5,8,46,morning,19.8,89.75
24.4,0,7.0,8,68,night,19.63,34.25
57.8,4,8.6,5,21,evening,230.99,79.21
10.8,0,6.1,4,41,morning,24.06,54.35
49.7,1,6.7,4,160,morning,53.98,40.74
14.9,1,5.1,4,93,morning,49.32,68.85
104.8,1,5.4,4,41,morning,43.3,5.51
109.0,4,6.6,4,40,afternoon,233.2,59.82
17.4,0,7.9,8,24,afternoon,19.86,39.31
13.0,2,6.2,2,44,morning,88.85,81.58
25.9,6,6.2,6,77,evening,714.57,97.15
13.7,2,6.0,3,70,morning,89.14,80.82
54.1,5,5.8,4,46,morning,460.63,90.17
84.5,0,6.9,2,32,afternoon,24.58,11.04
54.2,1,4.6,4,51,afternoon,30.87,12.63
84.0,0,8.2,7,51,evening,21.51,1.02
24.8,3,5.6,8,87,morning,127.93,73.55
8.7,6,7.4,3,65,afternoon,984.03,98.07
64.8,0,4.8,5,60,afternoon,16.59,4.26
22.0,2,7.4,5,107,morning,99.67,82.72
53.9,0,7.4,8,127,evening,24.56,11.41
15.6,2,7.0,7,70,morning,82.3,85.84
4.6,1,5.2,5,71,morning,44.21,99.03
235.9,6,6.8,6,53,night,616.71,74.21
8.7,2,5.0,7,34,night,53.1,83.06
214.5,1,6.2,1,91,evening,52.79,0.0
182.2,0,7.8,5,82,morning,29.02,0.0
76.3,0,7.5,8,56,morning,23.37,0.5
52.2,0,6.5,7,65,evening,19.39,8.35
41.9,0,5.2,5,103,afternoon,24.54,14.0
97.0,4,7.3,5,112,morning,326.6,74.05
16.9,2,6.5,4,10,afternoon,66.19,80.4
30.8,1,3.5,5,39,morning,30.54,36.12
46.9,0,7.5,6,56,night,21.01,7.42
25.9,4,6.5,5,29,morning,231.07,93.51
27.3,2,8.1,6,66,evening,76.18,63.31
19.7,0,5.1,8,40,morning,19.48,35.23
40.4,2,2.4,3,67,afternoon,45.06,40.65
91.7,1,6.9,5,41,afternoon,37.9,8.95
11.3,0,6.9,5,42,morning,22.8,61.55
131.3,1,4.3,6,67,night,25.37,2.7
56.6,1,5.2,3,93,evening,46.53,29.5
83.7,0,10.0,6,79,night,22.26,1.04
39.5,5,6.1,8,56,night,312.83,86.71
73.1,3,7.5,5,17,afternoon,132.17,55.38
1.3,2,5.7,8,42,night,51.71,100.0
82.4,1,3.8,10,39,morning,23.98,0.96
2.5,1,6.3,2,84,morning,54.59,98.49
106.4,2,6.2,3,62,morning,87.37,29.65
232.0,1,6.0,9,63,morning,35.56,0.0
17.2,0,6.4,9,35,afternoon,17.0,38.52
11.8,1,6.8,2,115,morning,58.65,79.23
70.1,3,6.3,1,63,evening,159.77,66.72
14.5,1,4.9,3,34,afternoon,31.32,63.69
96.8,0,7.1,10,35,morning,20.21,0.0
5.7,3,4.0,3,68,afternoon,110.87,96.84
7.0,0,3.8,5,33,morning,16.69,67.66
186.3,0,7.5,7,39,evening,20.84,4.06
54.3,0,7.2,1,29,morning,32.4,22.1
90.6,1,6.4,6,84,night,35.26,9.37
19.3,3,4.7,4,34,evening,91.78,77.09
54.7,1,5.6,8,125,morning,43.06,36.64
43.8,0,6.2,4,73,morning,26.11,13.77
44.9,4,4.4,6,28,evening,145.66,76.79
55.6,4,5.5,6,79,evening,221.62,79.32
41.6,4,7.3,3,115,evening,328.16,83.98
27.4,0,8.4,1,55,evening,30.87,40.73
16.0,1,6.0,5,122,morning,49.79,72.24
70.7,6,7.5,4,74,afternoon,948.05,97.38
12.8,3,4.0,7,40,morning,89.42,84.17
57.1,0,7.4,7,161,night,23.95,8.3
13.3,0,5.5,5,24,evening,19.3,42.02
47.6,1,6.9,6,47,morning,39.43,35.98
66.5,4,6.2,6,56,morning,235.41,71.64
12.3,1,8.2,7,147,morning,52.9,80.4
3.5,1,5.4,5,85,morning,45.74,92.28
7.2,0,7.3,4,77,evening,26.96,76.22
45.2,2,6.1,4,37,evening,68.54,54.55
91.4,3,6.3,5,53,night,111.53,49.91
2.7,1,6.3,5,41,afternoon,37.9,94.0
64.1,3,5.4,5,76,morning,145.02,66.57
20.5,6,6.5,2,105,evening,963.07,99.05
31.8,0,6.4,6,180,evening,23.89,29.98
127.4,1,6.8,3,44,afternoon,42.9,3.51
19.9,0,6.6,3,23,evening,21.61,43.57
30.6,3,7.5,5,48,afternoon,143.86,84.73
1.2,2,7.7,3,98,afternoon,101.5,100.0
4.6,2,5.1,6,34,afternoon,63.48,90.7
14.9,3,7.6,4,57,morning,168.24,90.94
1.9,1,5.0,5,78,morning,44.98,96.7
48.4,4,7.3,5,44,morning,276.73,79.16
27.2,1,7.3,3,65,evening,49.99,63.62
38.6,0,4.0,3,32,morning,18.69,12.63
9.7,2,6.6,8,109,afternoon,69.25,87.92
17.3,3,5.9,5,50,night,110.66,83.51
52.8,1,5.5,5,64,morning,43.45,25.02
161.8,4,8.3,1,17,afternoon,304.51,56.67
3.0,4,5.7,5,29,evening,205.4,99.32
106.6,0,5.5,5,96,morning,26.08,4.04
41.8,6,6.6,5,44,morning,779.66,95.35
40.3,0,7.4,6,33,morning,24.27,20.21
33.8,0,6.3,3,22,morning,24.24,23.62
4.0,0,8.0,4,108,night,26.58,87.76
5.0,4,7.2,7,83,evening,244.65,100.0
44.6,2,3.7,9,80,evening,44.5,39.17
20.5,0,5.8,3,131,night,25.81,48.02
120.1,1,5.8,5,47,evening,36.97,4.91
25.5,2,7.1,3,24,morning,90.82,70.26
7.9,0,3.1,2,59,night,17.42,59.89
60.7,4,9.8,4,144,afternoon,335.23,85.03
17.2,3,7.2,3,60,evening,159.95,89.77
36.3,1,6.7,6,104,night,36.95,38.98
57.9,6,8.0,5,24,morning,849.09,99.28
111.2,1,9.5,3,36,morning,52.15,14.4
75.9,6,7.6,1,93,morning,1296.7,98.72
54.7,2,7.7,7,63,afternoon,74.88,48.5
55.1,2,6.7,3,54,evening,76.09,45.65
140.5,0,6.3,6,103,night,20.48,0.0
17.3,4,5.9,4,92,morning,286.94,91.33
0.6,1,5.4,6,64,afternoon,38.14,100.0
15.7,0,5.6,4,10,afternoon,20.43,49.14
12.3,0,4.7,2,58,morning,21.33,58.0
52.5,2,6.4,3,73,morning,89.8,60.06
48.7,1,4.3,3,18,morning,32.35,15.12
43.7,2,6.7,5,71,night,64.85,53.03
1.3,4,6.5,6,105,morning,265.04,94.92
63.1,0,6.7,4,58,afternoon,23.29,6.63
19.3,3,5.8,1,31,evening,146.87,86.59
53.0,0,10.0,5,11,afternoon,22.27,11.58
39.5,4,8.3,6,72,night,229.66,85.0
20.6,3,4.9,9,19,night,62.59,76.66
7.4,1,6.8,6,80,morning,42.85,82.03
5.3,2,5.7,5,140,afternoon,85.05,96.44
86.0,1,5.2,5,37,morning,40.5,12.53
120.8,1,4.8,8,51,morning,27.08,0.0
50.9,3,7.1,7,144,morning,171.39,71.09
5.7,1,5.6,4,61,evening,40.55,86.36
25.2,1,7.8,3,44,afternoon,49.33,63.89
63.2,1,7.8,4,98,morning,57.38,34.86
73.1,3,8.3,5,46,morning,154.55,58.23
6.5,1,5.4,7,36,night,29.66,79.83
0.5,0,7.1,5,79,morning,28.81,100.0
60.3,2,7.3,2,102,morning,117.88,60.35
21.7,3,5.9,6,36,afternoon,114.88,81.64
14.6,0,5.5,7,64,night,17.73,45.61
1.1,0,8.6,4,52,morning,28.48,98.88
37.8,0,6.8,6,57,evening,19.99,13.49
91.9,1,7.3,5,31,evening,40.73,12.23
152.2,1,5.4,8,82,morning,39.02,0.87
40.5,3,4.9,7,124,evening,97.37,68.49
35.2,2,5.8,5,35,afternoon,67.13,59.79
4.8,2,6.3,6,82,evening,68.9,94.96
38.7,1,5.1,8,96,evening,35.85,31.32
23.4,3,6.5,5,64,afternoon,130.35,80.69
45.3,1,4.3,4,80,morning,35.86,31.58
24.1,6,5.0,7,38,evening,614.77,95.88
13.7,2,7.4,3,121,morning,115.47,89.81
5.3,0,7.3,4,102,morning,32.17,83.74
18.7,2,6.0,8,108,morning,74.62,80.98
5.4,1,5.2,6,28,afternoon,34.69,83.46
9.8,2,5.2,5,75,evening,71.44,86.71
210.2,0,6.0,3,39,morning,25.4,2.78
28.7,0,7.3,4,126,afternoon,31.43,44.23
36.9,4,7.7,4,36,morning,286.53,86.08
99.8,0,5.9,3,65,evening,24.15,8.46
260.6,3,5.0,7,14,morning,110.93,10.64
42.5,0,6.8,4,65,evening,22.75,11.8
80.8,2,5.4,5,28,afternoon,65.85,30.61
19.5,2,5.8,4,77,night,69.62,74.23
18.0,1,8.2,10,53,morning,38.15,63.91
25.2,1,7.6,4,46,morning,50.46,60.54
54.1,0,6.7,2,128,morning,33.53,20.18
55.5,0,4.8,2,167,night,20.73,3.68
18.7,1,6.8,6,23,night,30.1,57.2
7.4,2,7.9,6,47,morning,81.63,87.29
48.5,5,6.0,5,89,evening,430.93,85.47
7.1,4,8.3,5,70,evening,262.93,98.62
42.0,3,8.2,2,87,afternoon,189.7,85.75
57.2,3,8.7,5,55,afternoon,146.5,66.44
58.4,2,6.9,5,104,morning,86.08,53.19
67.7,0,7.3,3,64,morning,31.17,15.15
99.5,4,8.3,2,73,night,290.47,73.85
33.8,2,7.1,2,28,night,79.72,64.36
63.4,2,5.8,2,60,evening,82.32,42.48
46.8,0,5.9,6,90,morning,24.38,6.94
10.4,1,6.8,3,68,morning,49.28,80.05
1.7,1,4.8,4,150,evening,35.99,99.51
16.6,4,6.3,3,62,night,230.66,89.12
28.6,1,7.9,9,75,night,34.33,45.92
46.6,1,3.7,8,64,evening,24.88,12.04
91.5,6,8.5,3,56,evening,923.32,90.94
11.0,0,8.0,4,91,morning,31.36,72.89
6.9,1,5.9,3,54,morning,47.56,84.19
159.4,0,7.2,5,27,night,20.51,0.64
6.0,3,6.5,1,125,evening,184.76,95.35
31.7,4,8.1,6,40,morning,259.6,90.97
42.8,0,7.8,5,22,morning,24.82,18.66
37.9,4,4.7,8,80,evening,150.96,78.0
4.8,0,7.3,3,133,morning,36.58,93.16
3.3,4,6.2,7,81,morning,238.18,100.0
5.9,3,6.6,7,115,afternoon,132.58,93.23
42.8,3,5.6,2,33,evening,138.01,73.04
38.2,0,8.8,4,27,evening,23.67,19.65
13.3,6,7.9,3,47,morning,1014.73,98.98
49.2,2,5.5,4,100,evening,80.2,62.98
82.8,1,4.8,4,77,morning,35.6,11.07
2.5,3,6.0,5,80,morning,146.44,91.18
33.6,0,7.1,5,62,evening,24.55,23.55
56.6,4,6.8,9,48,evening,177.37,65.92
14.5,0,8.1,2,63,evening,29.44,59.96
18.2,2,7.5,9,53,evening,63.78,68.22
46.1,1,7.8,3,46,afternoon,49.59,36.42
110.0,0,6.9,7,71,morning,22.14,0.0
80.2,0,4.7,4,50,afternoon,17.11,2.27
42.5,0,6.2,3,67,morning,27.31,21.09
63.4,1,7.9,8,15,morning,37.63,19.61
22.3,1,6.4,4,64,night,37.45,54.77
49.7,2,7.2,6,50,afternoon,76.18,47.2
30.6,0,6.1,5,119,night,22.39,27.29
10.6,0,5.2,5,21,evening,19.13,64.19
58.6,3,6.3,5,61,evening,124.19,63.82
39.5,0,6.9,7,90,afternoon,21.46,14.39
21.8,4,5.6,2,54,afternoon,273.6,87.34
116.8,4,6.2,6,49,afternoon,214.06,54.77
1.5,2,5.3,8,90,morning,71.58,99.51
18.7,2,8.0,2,76,evening,98.52,86.47
3.3,4,6.1,3,79,morning,295.25,99.8
70.3,0,8.4,6,46,morning,25.13,8.89
58.6,0,8.5,5,43,evening,23.37,10.62
19.8,0,6.4,5,67,morning,24.32,46.08
54.5,3,5.2,3,94,night,138.51,65.17
24.7,0,3.8,5,25,night,13.3,16.23
68.3,2,4.6,2,55,night,55.88,26.49
29.6,7,4.7,5,44,afternoon,974.58,97.07
26.0,4,8.3,7,59,morning,259.36,91.62
131.5,1,6.7,4,86,night,39.52,9.47
14.4,0,7.0,5,35,afternoon,23.83,50.06
6.7,3,3.6,10,81,night,70.45,92.61
42.7,2,4.9,6,47,night,43.38,42.55
167.7,0,7.7,7,102,night,22.34,2.71
23.3,0,6.9,5,37,morning,22.5,38.41
3.6,4,6.3,7,93,afternoon,226.93,100.0
20.4,2,7.2,1,26,night,84.83,83.17
34.3,3,8.6,2,65,morning,194.15,80.0
9.0,4,6.2,3,82,morning,297.4,92.17
52.0,2,6.6,5,37,afternoon,67.49,46.26
293.1,1,6.8,7,13,night,27.82,0.0
29.3,1,9.6,4,44,evening,44.62,56.16
21.5,1,3.8,6,59,afternoon,28.25,50.99
25.1,1,7.4,6,49,morning,45.59,56.14
6.4,3,6.4,6,42,evening,112.07,93.15
103.6,2,7.2,4,91,night,82.79,28.36
26.2,4,5.6,5,107,morning,280.81,91.27
24.0,1,6.4,4,104,afternoon,46.84,60.35
52.2,2,7.4,2,74,night,89.87,57.9
28.5,2,10.0,10,80,evening,65.31,64.03
50.6,2,7.6,2,33,evening,88.17,59.64
3.5,2,5.4,2,56,evening,81.49,97.36
81.2,0,5.9,8,62,afternoon,19.1,0.0
135.9,1,5.9,4,68,morning,46.42,10.03
50.7,0,4.2,6,68,evening,15.41,0.0
148.9,1,6.1,4,59,evening,40.34,2.17
8.4,1,7.5,4,74,night,44.15,86.06
31.7,2,4.8,4,66,night,50.81,51.06
44.7,5,7.9,4,66,afternoon,516.35,92.79
42.3,2,7.1,5,39,afternoon,78.04,60.06
25.1,3,5.5,6,29,evening,108.19,76.28
20.3,1,6.3,5,68,evening,39.01,59.18
7.0,2,8.6,9,46,evening,62.62,88.88
24.4,0,7.5,1,40,evening,29.68,42.01
9.0,0,6.5,5,83,night,20.61,72.67
64.1,1,6.2,6,56,morning,40.37,17.76
11.7,1,6.6,8,116,afternoon,39.08,77.65
3.4,0,5.8,1,78,morning,31.99,88.54
39.1,0,3.8,5,37,afternoon,15.62,4.38
43.9,0,9.2,8,83,morning,24.99,17.62
99.1,6,6.7,3,72,afternoon,870.71,91.51
41.8,1,7.0,8,36,afternoon,36.94,35.48
20.8,1,6.4,1,42,morning,52.53,72.77
78.5,0,5.5,7,81,afternoon,21.01,12.69
37.8,2,6.3,9,19,morning,56.9,52.34
4.5,0,4.4,6,14,morning,15.0,71.77
40.5,0,9.5,5,64,evening,24.67,20.96
115.0,1,4.9,1,61,afternoon,38.33,4.05
24.7,0,5.2,8,67,morning,20.89,33.9
17.4,0,5.9,5,61,afternoon,22.18,41.1
7.9,0,8.2,1,73,evening,32.3,86.59
8.4,0,6.5,6,108,morning,25.42,74.86
27.7,0,4.9,5,58,evening,15.85,11.52
44.0,1,8.1,2,23,morning,53.6,41.53
4.5,3,7.5,3,17,morning,160.27,100.0
135.2,2,7.2,2,48,afternoon,95.61,28.43
68.0,1,7.4,5,49,afternoon,44.52,17.26
42.9,0,9.6,6,26,evening,21.16,15.66
85.1,5,9.3,5,12,evening,405.22,74.24
4.5,1,5.6,7,46,night,30.47,85.96
31.6,0,8.6,8,133,afternoon,25.91,33.43
48.2,2,7.0,6,72,morning,86.99,55.53
85.2,0,7.1,1,69,evening,31.98,1.69
73.9,1,4.3,6,53,morning,30.04,9.06
16.1,1,6.3,5,48,afternoon,38.61,63.79
136.3,4,5.4,5,76,morning,261.04,61.53
6.9,1,7.6,6,28,morning,43.08,82.1
100.4,2,7.9,4,151,night,91.05,30.49
170.3,7,3.8,8,29,evening,771.78,73.13
9.9,0,6.5,3,79,evening,25.0,67.9
62.0,0,8.0,6,31,afternoon,22.35,5.67
2.5,1,6.3,1,62,morning,55.33,91.42
25.5,1,7.4,8,84,morning,45.08,57.48
35.4,1,7.0,2,21,morning,53.3,55.07
42.2,4,6.9,2,33,afternoon,258.77,84.2
132.4,2,6.1,4,35,evening,68.17,15.28
54.0,2,4.9,4,50,evening,53.21,37.2
32.0,1,5.0,3,67,morning,49.15,47.94
80.1,3,7.4,6,134,night,146.89,65.17
144.8,5,6.5,5,42,evening,382.98,66.87
1.6,3,6.3,1,130,afternoon,194.56,100.0
194.7,0,5.9,4,71,evening,23.1,2.71
4.8,2,6.1,7,29,afternoon,59.52,91.76
81.3,0,7.9,6,53,morning,25.59,6.3
16.3,0,6.1,6,24,afternoon,19.06,43.38
7.3,0,4.8,6,48,evening,14.64,55.78
28.3,2,7.5,4,46,morning,90.83,72.07
50.1,2,6.2,2,63,morning,93.32,56.31
23.5,0,6.5,4,80,morning,26.56,39.67
3.2,1,8.6,7,55,morning,44.02,88.42
44.4,1,6.5,10,31,night,25.49,21.46
112.2,1,6.9,5,115,evening,43.58,13.22
23.7,0,5.0,1,139,afternoon,33.6,52.82
12.2,1,6.2,3,52,morning,47.31,81.72
28.6,3,7.3,4,69,afternoon,160.56,82.48
2.9,0,4.5,5,51,afternoon,16.21,81.4
82.9,0,6.8,2,63,morning,28.8,2.9
84.5,1,6.6,9,65,afternoon,33.09,10.04
43.1,5,6.6,4,26,afternoon,404.02,90.68
21.4,2,7.8,8,48,evening,65.91,72.01
77.7,2,6.9,7,98,evening,68.03,36.44
39.3,1,8.4,7,93,morning,48.33,45.76
84.4,2,5.2,6,48,afternoon,65.89,24.85
48.4,0,6.7,6,66,evening,20.45,6.99
74.1,2,6.6,6,50,afternoon,66.24,35.06
44.3,4,5.1,6,81,night,204.14,84.14
26.2,2,7.7,5,20,evening,71.09,71.11
152.6,4,9.5,10,76,morning,235.74,58.98
37.9,2,6.5,7,119,morning,80.25,68.08
45.1,0,7.2,7,38,evening,20.79,12.96
12.5,4,6.6,8,111,morning,243.43,92.06
47.7,0,5.6,3,67,afternoon,25.28,10.57
41.2,1,4.1,2,55,night,31.04,25.17
10.3,0,5.6,5,48,afternoon,21.45,64.5
3.4,0,4.7,5,113,afternoon,18.83,89.87
45.0,1,8.7,7,50,evening,38.62,32.65
69.7,0,6.4,5,129,afternoon,26.01,10.95
36.1,1,6.1,5,121,afternoon,46.0,44.76
12.8,2,7.7,5,44,night,69.59,85.38
53.2,0,5.0,1,52,afternoon,27.74,17.58
4.5,0,5.5,6,16,night,16.4,69.07
28.5,2,6.6,7,56,night,56.29,58.82
9.1,1,7.8,3,60,morning,55.54,88.21
10.3,2,7.2,6,103,morning,93.64,90.54
11.3,2,6.8,6,125,morning,85.54,83.44
24.0,3,6.6,3,85,morning,166.41,78.06
3.0,2,7.0,2,99,morning,117.07,96.19
24.8,1,6.8,10,52,evening,29.41,42.78
34.9,2,5.2,4,27,morning,75.03,59.71
32.2,0,6.6,3,67,morning,27.31,31.25
23.7,1,5.1,3,102,evening,47.51,62.5
88.2,3,6.6,6,8,morning,114.66,48.68
8.0,1,5.9,6,62,evening,36.43,72.04
34.3,3,9.8,6,18,morning,135.72,73.07
3.6,3,6.4,2,37,morning,156.96,96.67
4.0,4,4.7,8,63,evening,144.75,99.28
41.4,4,6.3,4,126,evening,275.45,87.76
40.6,1,7.2,4,59,night,42.53,40.14
101.5,1,8.7,5,82,evening,46.43,9.89
39.7,2,5.7,4,67,evening,74.09,57.37
154.8,1,4.4,8,38,morning,26.16,0.0
2.9,2,7.6,8,74,morning,79.21,99.09
5.5,2,4.7,4,27,evening,50.02,86.37
2.7,2,5.9,8,58,evening,58.82,98.49
10.3,1,6.2,7,112,night,35.77,75.71
37.9,0,6.4,9,64,afternoon,18.34,12.5
50.3,1,7.4,3,67,afternoon,52.34,35.95
2.7,0,5.6,5,48,evening,20.59,82.97
140.6,4,6.1,4,21,morning,239.04,53.27
89.1,1,6.5,7,51,night,30.87,4.42
17.4,0,6.7,1,91,night,26.89,44.06
4.4,0,6.6,5,72,afternoon,22.8,81.76
9.4,2,7.1,4,28,evening,76.91,91.73
7.0,2,7.6,4,17,evening,74.57,93.02
6.8,1,7.0,6,38,morning,44.27,84.03
35.6,0,7.1,8,51,night,18.79,15.21
14.0,1,4.4,6,53,afternoon,27.82,58.51
21.8,1,6.6,8,54,evening,32.34,51.49
219.2,2,7.1,4,58,morning,93.7,15.03
55.8,2,7.4,5,73,night,74.94,50.88
143.3,1,5.6,5,46,afternoon,38.41,4.22
7.9,0,5.6,1,33,morning,28.49,74.06
23.6,6,5.8,5,77,night,690.84,99.27
39.3,1,7.2,6,92,morning,50.71,40.17
4.3,2,7.8,6,42,morning,80.55,93.92
0.7,0,6.0,7,151,night,20.82,98.74
53.8,1,7.7,5,122,night,46.66,34.16
49.8,0,6.7,2,29,afternoon,24.38,15.31
25.9,1,6.3,2,18,evening,40.85,54.08
32.8,6,6.2,6,53,afternoon,700.8,94.74
26.3,1,7.5,4,67,morning,53.26,62.91
1.7,0,6.9,2,150,morning,33.91,91.78
20.1,0,9.5,5,148,evening,28.98,47.02
9.9,1,5.4,5,82,evening,40.37,78.47
5.5,0,7.2,4,47,evening,24.99,80.85
151.2,0,5.8,6,106,evening,22.49,0.0
44.4,3,5.4,6,62,morning,132.8,73.17
63.1,1,6.5,4,25,afternoon,38.38,22.02
18.7,0,6.7,7,26,morning,19.68,38.39
24.5,4,10.0,6,47,afternoon,244.88,98.79
13.5,0,6.3,6,96,afternoon,22.9,53.07
5.4,5,5.0,5,31,night,340.77,97.16
10.0,1,6.9,1,47,afternoon,49.29,80.26
77.2,4,3.8,6,122,morning,206.49,68.54
54.8,2,6.4,4,72,morning,84.4,51.09
38.5,3,6.5,9,139,evening,120.59,67.74
31.4,6,7.5,7,76,evening,779.34,94.14
123.2,0,7.8,6,98,morning,28.57,1.0
4.1,6,5.8,4,47,morning,831.32,100.0
16.3,1,6.3,3,126,evening,50.13,79.95
21.2,1,5.5,4,84,morning,48.28,69.13
73.7,1,5.0,5,54,evening,37.65,11.41
235.5,1,6.9,4,113,evening,45.89,0.0
13.7,0,4.8,5,82,morning,18.92,47.93
100.0,2,6.0,3,57,morning,86.26,37.62
85.7,1,5.2,9,77,night,30.0,5.17
12.7,3,7.2,2,35,afternoon,166.23,88.0
25.0,3,8.8,9,106,afternoon,135.99,81.45
25.8,1,4.8,8,149,evening,29.23,44.01
184.2,1,4.1,5,21,night,23.68,2.46
10.1,0,6.3,6,42,night,17.62,55.66
77.6,0,6.5,5,40,evening,20.16,4.52
20.0,0,6.8,6,87,afternoon,22.42,33.02
63.5,1,5.9,4,65,morning,46.08,25.57
26.6,0,6.2,4,45,evening,21.61,32.22
42.0,6,7.0,5,49,afternoon,841.2,92.21
86.3,2,7.9,5,43,afternoon,78.87,30.56
78.8,1,4.0,5,81,night,27.69,0.0
97.1,2,6.0,4,65,morning,82.94,36.58
3.5,0,6.8,4,48,afternoon,22.69,83.19
57.0,1,5.3,2,43,morning,49.23,32.26
7.7,2,8.8,2,115,afternoon,112.41,95.49
26.3,1,5.7,4,104,morning,50.59,64.75
38.7,1,6.4,2,81,morning,54.2,48.43
25.2,7,7.2,2,99,morning,2212.06,96.98
35.7,4,5.7,7,26,evening,183.61,82.94
272.3,2,4.1,1,31,evening,61.19,5.66
7.5,2,5.9,6,29,afternoon,62.61,88.12
54.5,2,7.8,4,58,night,76.35,45.64
24.7,0,6.1,8,100,afternoon,20.94,25.35
7.4,1,5.4,5,46,morning,41.48,79.39
8.8,0,7.7,4,108,night,26.58,74.84
143.6,1,6.1,5,42,morning,41.04,1.9
102.1,1,5.8,4,54,night,36.51,3.98
114.5,0,6.7,5,45,morning,22.98,0.0
229.5,6,7.5,2,52,night,892.48,77.62
11.7,4,9.6,10,55,morning,223.65,94.06
21.6,2,7.6,5,18,night,64.8,70.7
53.6,1,8.0,4,70,afternoon,49.68,38.72
32.2,4,5.8,6,54,night,190.83,89.86
26.5,0,5.2,4,126,morning,29.52,35.11
21.8,3,6.6,7,79,afternoon,121.93,84.77
43.7,0,6.6,5,69,night,19.92,8.42
41.6,3,5.1,6,122,afternoon,141.63,73.68
9.0,0,6.3,2,115,evening,28.96,74.37
31.1,4,7.0,7,129,evening,271.68,88.44
39.2,5,7.0,7,43,afternoon,414.65,91.79
41.0,0,7.2,3,28,evening,25.19,22.0
11.8,1,6.9,3,18,afternoon,39.94,75.45
65.6,6,5.8,4,98,night,768.21,89.55
1.7,1,5.8,9,16,morning,31.34,92.52
21.5,4,4.9,4,65,morning,201.54,84.84
73.2,2,8.8,5,22,night,65.54,29.74
40.3,1,6.5,1,105,night,49.99,51.52
15.0,0,6.2,4,76,afternoon,24.36,51.25
57.5,0,5.3,5,105,evening,23.67,4.63
40.7,3,10.0,9,66,morning,133.5,74.84
76.9,1,5.1,5,33,morning,40.06,14.28
64.2,1,5.9,7,45,afternoon,34.53,14.89
45.7,1,7.0,5,93,afternoon,49.64,44.76
32.6,2,7.3,1,21,afternoon,95.06,72.89
7.4,4,7.7,4,43,morning,291.97,95.64
15.0,6,8.8,5,39,night,720.89,96.46
26.6,1,7.2,9,55,night,32.65,42.52
44.4,3,5.1,8,81,evening,112.09,70.36
35.1,3,6.2,3,104,afternoon,161.09,79.34
16.8,2,6.9,3,24,morning,78.97,74.56
0.8,5,9.2,3,34,evening,483.97,99.67
33.4,0,4.7,8,26,evening,12.5,1.53
16.6,0,8.1,8,57,morning,23.43,56.88
64.2,4,6.7,7,28,night,169.25,65.05
1.7,1,7.6,4,70,evening,47.69,95.93
42.7,3,6.4,5,111,night,128.27,72.59
136.7,4,5.4,5,18,evening,199.16,49.33
9.7,0,7.5,4,35,evening,24.2,65.96
31.1,4,7.4,5,129,afternoon,313.95,92.05
5.1,1,7.8,1,64,night,52.11,96.02
47.7,1,6.5,3,43,night,37.65,30.85
38.9,2,5.7,8,180,morning,78.91,66.26
25.6,5,4.5,7,49,morning,296.71,88.07
35.9,0,7.6,5,79,afternoon,26.67,27.14
109.4,1,7.1,5,36,evening,41.28,7.61
11.0,2,5.2,4,32,night,61.98,84.97
1.6,2,5.8,7,81,morning,73.51,100.0
95.4,2,5.9,7,136,afternoon,76.66,28.04
41.8,0,4.6,7,44,afternoon,14.35,4.01
106.7,0,5.4,6,31,night,17.1,2.06
44.1,1,5.0,3,97,evening,46.97,32.88
80.3,3,6.0,4,44,evening,125.71,51.96
27.5,0,5.5,5,71,afternoon,22.74,29.38
67.0,0,4.4,4,43,afternoon,16.8,0.0
117.7,5,9.1,7,48,morning,453.77,80.85
41.2,0,8.1,4,34,morning,27.15,18.21
10.1,7,5.5,3,83,night,1416.64,98.81
15.5,2,6.9,4,72,evening,75.02,82.36
11.1,3,7.0,9,70,night,109.87,95.13
14.1,0,8.0,3,38,night,23.73,55.17
18.1,0,5.4,6,68,afternoon,21.4,46.21
39.4,3,7.9,5,145,evening,169.01,81.66
43.1,3,5.8,2,31,night,125.82,71.43
27.2,3,4.8,5,36,evening,87.24,69.4
46.4,0,7.4,6,37,morning,24.53,10.06
4.6,3,8.2,5,61,afternoon,148.77,97.33
4.9,3,9.9,8,29,morning,126.82,94.31
9.5,2,4.9,4,76,night,52.09,86.54
35.5,3,7.4,2,17,evening,151.78,81.76
12.1,3,6.0,9,88,morning,122.48,89.95
16.5,2,7.5,4,70,evening,85.85,78.46
25.0,0,4.6,5,143,evening,18.9,28.43
80.7,1,4.9,7,32,afternoon,25.01,0.4
1.2,0,5.5,4,99,morning,27.78,93.12
50.8,1,6.6,6,54,evening,35.7,20.67
53.6,1,5.7,3,48,afternoon,43.35,28.56
77.4,0,7.4,4,31,evening,23.93,8.04
130.1,1,7.8,3,44,afternoon,49.33,7.14
1.5,0,7.3,7,45,night,19.41,91.01
8.5,3,8.6,3,22,afternoon,150.51,89.17
104.8,5,7.0,6,69,afternoon,466.28,81.8
29.9,0,4.9,9,65,night,12.13,5.78
40.4,5,8.3,5,79,afternoon,504.0,92.71
52.7,1,5.7,5,41,morning,40.93,26.36
55.1,0,7.7,5,90,morning,29.58,18.45
129.4,0,8.5,4,114,evening,29.39,0.67
278.5,1,7.1,5,50,evening,42.85,0.0
61.6,3,4.6,6,32,evening,81.82,48.8
16.8,2,5.3,10,60,morning,60.8,83.23
102.2,0,8.2,9,58,morning,22.43,4.16
2.9,0,6.3,8,52,morning,20.11,86.26
13.1,1,6.6,8,79,afternoon,35.86,69.41
109.8,0,7.5,5,47,afternoon,24.6,0.0
14.7,0,7.4,6,30,afternoon,22.28,48.38
12.5,0,6.9,8,63,afternoon,19.15,50.13
7.6,3,6.2,4,81,night,126.53,91.47
94.6,5,6.1,9,84,morning,393.08,80.9
33.8,1,7.6,5,45,afternoon,44.05,42.68
54.4,4,7.2,6,67,evening,247.45,84.93
13.6,1,6.2,6,116,afternoon,43.14,75.59
68.6,1,7.9,9,115,evening,41.12,18.93
69.0,0,6.3,3,101,night,24.14,5.74
18.5,2,5.4,7,21,night,51.23,67.74
25.9,6,5.5,5,47,morning,785.86,97.7
11.8,2,5.2,4,111,night,75.38,89.32
180.7,1,6.1,7,21,afternoon,32.34,0.0
50.3,2,8.1,5,55,morning,87.9,51.06
131.4,0,5.5,6,40,afternoon,19.91,2.6
17.9,4,6.7,4,68,night,220.61,93.34
73.6,1,5.6,5,13,afternoon,35.07,8.34
70.2,1,6.2,6,106,morning,45.55,18.85
57.0,2,4.5,5,57,evening,51.22,29.86
162.3,2,6.2,3,29,morning,80.08,10.64
24.5,0,6.2,9,37,morning,18.46,25.39
7.2,2,7.2,5,70,morning,91.3,91.48
54.0,0,6.8,7,35,morning,20.17,4.6
63.2,2,4.9,5,133,morning,68.84,37.28
41.6,3,7.9,4,53,morning,166.51,77.09
11.6,3,6.8,5,121,evening,143.08,92.8
34.2,2,6.8,5,63,morning,78.01,63.4
18.5,1,6.5,5,83,morning,45.53,70.66
27.3,0,5.8,5,80,night,20.46,28.11
50.2,3,6.8,5,43,afternoon,123.46,61.02
66.1,0,7.1,3,83,evening,29.03,12.09
13.2,1,4.2,5,45,morning,31.03,67.47
25.4,0,5.8,3,20,morning,24.1,33.34
15.6,0,6.2,2,51,morning,27.93,51.97
11.1,2,6.8,9,27,morning,58.19,82.66
73.9,0,8.1,6,44,morning,24.99,5.17
115.7,3,5.5,6,56,morning,130.79,37.36
22.7,1,5.9,5,33,morning,40.06,51.66
67.3,0,5.8,8,77,morning,21.41,4.01
109.6,1,5.5,6,45,afternoon,36.32,4.08
90.3,0,6.0,7,26,morning,19.68,0.0
10.2,0,7.5,4,33,afternoon,25.07,66.28
150.8,2,5.1,9,61,afternoon,58.97,3.89
23.2,0,7.1,7,49,evening,21.4,32.3
20.4,3,4.3,8,67,morning,91.38,81.86
3.6,0,5.8,3,61,evening,23.91,84.8
32.5,0,6.1,4,31,evening,20.81,15.13
6.0,3,8.7,4,40,morning,160.91,94.69
14.2,1,6.1,4,89,night,39.81,66.25
18.8,0,3.6,8,34,night,11.72,21.03
79.9,1,3.9,1,122,morning,47.8,19.91
100.5,0,6.5,2,23,morning,25.9,0.0
17.8,3,7.3,4,88,evening,161.42,92.22
94.4,1,7.0,3,54,evening,48.61,10.45
93.9,3,6.7,3,31,morning,144.93,57.77
69.9,4,8.0,7,60,morning,260.03,76.26
8.1,1,5.8,5,35,afternoon,37.29,76.11
56.8,4,7.7,1,41,afternoon,325.37,79.98
139.7,1,4.4,5,46,evening,27.65,1.86
55.6,6,5.3,5,84,afternoon,798.44,91.9
19.8,0,4.2,2,39,afternoon,18.79,34.53
33.8,2,6.1,6,65,evening,66.08,65.6
50.3,1,6.4,6,86,morning,43.48,29.0
34.8,1,6.6,6,59,morning,40.68,42.72
6.6,2,6.6,6,70,evening,66.91,95.58
18.5,2,5.3,1,56,night,79.92,80.28
78.3,0,6.3,9,76,afternoon,18.89,0.0
95.4,0,4.6,7,26,afternoon,13.66,1.86
7.6,2,8.3,8,116,morning,87.37,87.6
146.6,2,6.1,1,38,afternoon,86.62,23.33
19.6,6,5.9,9,54,afternoon,608.03,93.95
52.6,3,8.6,7,16,morning,128.3,76.76
67.4,5,4.9,7,42,morning,291.28,84.48
80.7,2,5.0,2,66,afternoon,87.06,36.79
140.4,0,5.1,7,125,morning,25.1,0.44
18.5,0,6.4,9,78,morning,20.5,43.2
94.4,3,7.1,6,44,morning,145.77,55.07
7.3,2,7.5,5,21,morning,80.2,92.85
59.1,0,9.8,9,109,morning,25.36,14.1
65.5,1,3.6,5,43,night,25.15,6.96
54.9,5,7.3,6,66,afternoon,462.8,87.53
14.5,1,5.8,5,44,evening,36.68,66.13
99.6,1,5.7,9,71,evening,32.25,7.56
9.4,1,5.7,2,107,afternoon,53.33,85.12
3.1,0,5.3,5,84,morning,25.35,89.51
61.2,1,8.7,6,49,afternoon,42.21,26.24
31.5,1,7.6,7,111,afternoon,46.64,43.71
91.3,0,6.5,6,139,evening,23.89,3.28
23.7,3,8.3,8,95,afternoon,138.82,85.07
9.3,1,4.5,9,45,morning,25.46,75.24
87.4,3,4.8,2,88,morning,133.93,46.72
38.7,4,3.7,5,94,afternoon,189.25,86.96
10.6,0,5.6,1,49,evening,26.43,67.22
61.7,2,6.7,4,139,afternoon,89.97,52.08
34.9,1,6.6,5,104,afternoon,44.28,51.33
45.0,4,6.7,8,51,night,171.56,78.89
30.2,0,4.7,7,45,evening,13.81,12.63
85.2,2,7.5,2,93,morning,115.44,48.65
85.4,2,6.8,2,159,morning,109.88,44.28
59.8,0,7.5,6,27,morning,23.87,8.06
5.8,0,4.0,5,72,morning,18.47,70.54
88.1,2,6.9,4,87,morning,87.52,36.39
53.9,3,5.0,8,106,morning,133.72,58.65
57.8,1,6.0,8,88,morning,39.58,24.72
22.1,2,7.2,5,43,morning,85.18,76.72
102.0,1,6.6,8,25,night,27.43,1.25
62.5,2,5.4,4,48,morning,79.4,46.28
6.2,0,6.5,7,86,afternoon,21.26,69.69
25.6,4,4.5,5,41,afternoon,165.78,92.44
104.9,0,8.0,2,115,night,30.53,2.86
2.8,1,6.2,8,53,morning,36.29,92.06
156.7,0,8.0,5,39,afternoon,24.09,0.0
55.1,0,5.8,7,77,night,18.31,5.02
48.4,1,5.8,4,50,night,36.13,31.05
15.6,0,5.5,1,44,evening,26.08,58.61
14.2,3,7.6,2,149,morning,227.45,96.94
137.2,0,5.6,5,41,morning,22.74,2.15
17.5,1,7.3,6,47,evening,40.31,63.53
72.2,1,6.0,4,77,night,38.68,10.39
24.5,0,3.9,6,114,afternoon,17.89,24.73
7.7,0,5.8,6,73,afternoon,21.67,69.27
1.0,1,5.0,6,60,morning,40.78,100.0
38.2,1,6.5,5,158,evening,45.36,44.16
179.1,1,5.0,8,46,morning,35.63,6.3
22.6,1,7.7,5,46,morning,47.7,66.46
21.7,2,6.4,5,41,afternoon,68.22,71.16
20.7,0,6.3,3,71,afternoon,25.54,38.18
35.8,1,7.4,4,34,morning,48.87,52.91
28.4,6,7.8,1,29,morning,1102.04,100.0
102.2,1,6.5,6,47,evening,35.05,0.63
34.3,2,5.5,3,21,morning,78.31,69.81
34.5,1,4.2,4,66,afternoon,32.08,35.45
7.6,3,5.6,7,71,morning,129.13,94.85
195.3,3,5.7,4,78,afternoon,142.74,31.11
14.3,1,6.6,3,90,afternoon,48.13,79.0
4.2,6,6.1,3,48,morning,884.69,100.0
52.7,0,7.4,7,107,morning,27.73,16.61
43.9,0,5.7,2,102,morning,31.64,27.12
26.2,3,6.4,5,31,morning,129.08,80.23
26.8,3,8.0,5,56,night,129.25,81.08
74.3,0,6.9,6,12,morning,19.89,0.0
11.0,0,6.4,6,108,evening,22.6,60.29
82.9,0,5.7,7,89,morning,23.13,1.49
50.7,0,5.7,1,121,evening,31.4,17.68
26.6,3,5.4,4,22,evening,118.38,80.35
29.9,1,5.8,4,75,afternoon,43.74,49.34
14.7,1,7.5,3,42,afternoon,49.07,75.87
67.4,1,6.2,4,16,afternoon,37.42,10.83
35.0,0,4.7,4,96,morning,20.69,18.03
19.1,0,8.8,5,27,night,20.51,39.87
44.0,2,6.9,6,69,evening,66.74,50.64
262.4,6,4.7,4,42,night,501.35,58.65
27.9,3,5.9,6,63,morning,133.14,75.55
122.2,0,6.6,4,91,evening,24.24,1.89
20.8,4,8.7,4,63,night,250.54,94.3
3.2,3,5.1,5,34,morning,130.14,99.3
11.5,3,7.8,1,151,morning,243.38,99.02
26.5,1,8.3,2,48,evening,50.99,60.18
12.4,1,5.7,5,38,afternoon,37.6,73.58
0.5,1,6.1,9,55,evening,30.97,98.94
118.8,0,5.2,6,23,morning,20.52,2.71
89.6,0,6.2,2,40,evening,24.12,0.0
65.6,0,6.5,7,50,morning,20.99,1.27
9.3,1,7.4,7,66,morning,45.27,86.98
6.7,3,7.9,6,59,morning,151.56,87.06
3.9,1,5.5,7,75,evening,35.78,89.18
62.3,0,3.9,5,56,evening,15.77,6.03
127.3,5,6.5,3,101,afternoon,518.34,77.9
27.5,5,6.9,5,82,afternoon,441.45,92.54
6.6,3,6.8,5,72,night,117.01,94.97
35.0,7,6.1,5,110,afternoon,1526.72,96.5
21.1,1,6.7,5,110,evening,43.09,61.39
23.0,6,8.5,9,61,afternoon,711.88,94.43
47.1,0,7.0,8,47,afternoon,21.14,14.65
61.4,1,6.0,8,65,afternoon,34.65,21.98
6.1,0,5.8,7,53,morning,21.16,74.48
2.2,0,6.3,9,46,evening,16.81,82.88
248.8,0,8.6,2,63,afternoon,30.67,0.0
13.2,2,6.3,4,70,morning,83.98,84.81
3.2,3,6.5,5,79,night,119.03,99.12
10.6,2,5.9,7,119,afternoon,74.31,83.18
2.4,0,7.9,5,67,afternoon,25.9,88.46
24.4,3,9.0,7,57,night,116.81,82.94
78.3,2,7.1,3,95,evening,96.77,47.81
20.5,1,6.6,4,36,morning,42.72,59.71
28.7,2,6.5,7,21,night,51.23,52.44
54.5,0,3.4,3,74,evening,18.52,16.77
34.6,1,7.5,4,48,morning,50.73,53.3
95.4,4,6.7,4,50,morning,258.61,68.21
97.0,0,7.1,4,35,evening,24.2,4.86
1.0,1,5.6,6,105,evening,40.4,97.12
72.8,4,6.0,4,21,afternoon,221.33,75.01
30.1,2,6.0,5,78,night,65.97,63.92
216.3,0,7.8,2,57,evening,29.0,0.38
32.2,0,6.0,7,123,morning,24.99,27.17
208.6,0,9.2,4,95,morning,31.66,0.0
67.9,2,7.1,6,30,morning,77.98,48.65
14.2,1,4.8,6,82,evening,28.71,57.68
37.6,0,6.3,3,73,morning,27.72,20.99
233.1,5,5.7,8,55,afternoon,354.58,51.07
94.0,1,3.6,6,78,evening,28.43,0.3
5.4,0,8.6,5,40,night,21.25,77.38
59.3,1,7.4,3,60,morning,55.54,36.79
20.9,2,7.2,9,58,evening,64.61,75.84
0.8,0,6.7,7,36,morning,20.22,98.97
25.3,0,4.7,3,48,evening,17.34,22.18
13.3,3,5.9,4,43,morning,141.05,91.17
82.5,1,7.6,7,70,afternoon,42.33,15.67
20.3,1,5.1,6,108,evening,40.67,54.56
84.9,1,3.2,7,26,morning,26.56,6.09
0.5,0,6.2,5,71,morning,24.56,92.88
18.2,0,6.3,6,43,evening,19.27,46.03
13.7,1,6.7,4,92,evening,43.73,71.69
13.3,0,7.4,3,71,evening,28.19,61.74
3.9,0,7.3,6,22,evening,20.92,80.3
10.4,3,6.8,9,63,afternoon,106.68,88.51
39.4,6,8.1,4,53,morning,971.1,100.0
17.0,3,4.5,5,27,morning,95.75,87.02
26.4,4,7.2,6,43,morning,261.69,84.98
23.2,0,7.3,5,62,night,22.5,40.93
100.7,6,4.9,7,44,afternoon,488.05,85.53
113.6,0,4.5,7,98,afternoon,16.4,0.0
33.1,5,5.5,2,53,afternoon,491.22,94.56
19.7,7,5.6,10,41,night,890.83,97.76
5.9,2,7.5,7,64,morning,81.07,99.88
147.7,6,5.7,8,68,afternoon,659.61,77.15
3.5,2,5.4,6,92,afternoon,73.5,95.86
17.5,0,5.7,8,59,evening,18.2,36.73
17.5,1,8.0,2,67,morning,60.22,69.77
19.0,2,6.5,4,48,night,64.7,82.22
9.1,0,6.3,8,124,night,19.45,58.49
73.9,2,6.4,3,71,afternoon,82.74,41.71
6.8,6,8.2,2,62,evening,998.89,93.23
48.9,0,5.5,7,44,night,16.84,4.08
6.8,3,8.2,7,99,evening,141.14,96.77
4.0,4,6.8,3,20,morning,253.0,95.54
115.8,5,6.3,8,64,afternoon,362.8,74.73
10.6,6,9.8,6,40,evening,747.65,97.65
83.1,1,5.1,5,88,afternoon,42.66,18.32
38.3,6,6.0,7,68,evening,664.44,99.16
4.4,3,4.9,5,63,night,85.81,92.95
149.8,0,7.7,3,32,night,23.35,0.43
14.1,1,8.7,4,55,afternoon,47.83,75.11
94.8,2,8.7,5,70,morning,91.3,37.57
9.4,0,8.1,5,92,night,24.21,67.88
92.8,2,6.2,7,75,evening,64.4,24.33
1.1,2,6.0,7,88,morning,74.75,97.69
34.9,0,4.3,6,24,night,12.58,6.64
70.9,2,9.1,7,62,night,65.73,38.55
131.6,3,7.1,3,94,afternoon,181.01,50.6
115.7,1,5.9,2,13,afternoon,41.95,8.8
82.7,0,8.2,8,51,afternoon,21.36,4.61
105.7,0,5.2,2,70,morning,29.31,2.18
11.2,1,7.0,3,101,morning,61.33,84.42
16.5,5,6.3,6,61,evening,381.5,91.97
16.9,0,7.3,5,57,morning,27.27,58.25
23.2,2,6.4,8,67,morning,67.69,61.24
24.5,0,4.6,4,71,afternoon,18.04,25.42
38.3,1,6.6,1,35,afternoon,47.74,48.82
8.9,3,7.9,4,44,night,132.52,88.73
56.9,2,6.5,5,18,morning,69.15,45.32
9.3,0,7.5,4,40,morning,27.59,69.0
18.3,1,5.1,5,30,evening,35.32,58.27
34.1,0,6.5,8,35,afternoon,17.8,18.03
76.9,1,5.7,8,158,morning,43.84,18.0
65.1,2,7.5,4,98,afternoon,95.63,43.5
50.3,0,6.5,5,31,morning,22.13,6.89
8.6,0,7.4,5,26,morning,25.1,74.41
38.5,1,7.9,9,41,afternoon,35.76,35.65
4.9,4,7.4,10,26,afternoon,191.62,100.0
23.2,7,6.9,3,66,night,1358.79,100.0
26.1,0,5.2,6,65,afternoon,21.24,28.07
2.5,3,6.5,4,34,afternoon,127.47,100.0
15.9,1,5.8,1,82,evening,51.67,73.6
150.1,1,6.1,1,82,morning,58.13,4.19
147.9,3,6.0,5,39,evening,117.26,26.11
21.3,4,5.2,5,34,morning,234.26,83.41
2.6,5,4.0,1,46,night,340.61,100.0
10.0,2,5.6,6,77,morning,76.58,93.34
24.4,1,6.8,4,151,afternoon,49.98,57.82
142.2,3,4.7,5,76,morning,108.77,26.26
7.8,0,6.5,4,29,night,18.97,66.63
69.7,2,9.0,3,68,afternoon,94.44,44.45
6.0,1,7.8,5,61,afternoon,45.92,81.61
191.4,2,8.6,3,59,morning,99.71,13.93
23.6,0,7.0,5,26,evening,22.31,33.6
72.1,0,8.0,3,68,morning,31.48,8.76
20.6,4,5.6,5,56,night,202.31,91.1
47.9,0,5.7,3,28,morning,24.65,19.32
10.7,1,2.9,6,131,morning,26.48,65.7
8.1,0,8.0,7,27,morning,22.69,70.58
134.0,0,8.5,2,73,afternoon,31.44,3.95
120.3,0,5.8,5,53,afternoon,21.73,2.33
105.4,0,6.2,2,47,morning,27.64,0.06
47.6,4,5.5,6,107,evening,236.67,82.12
79.8,0,7.0,4,92,afternoon,29.11,8.36
3.9,5,8.0,5,53,afternoon,472.22,95.23
20.1,2,4.2,5,36,afternoon,50.48,71.58
18.6,1,7.0,8,44,afternoon,37.74,66.1
49.0,2,6.1,5,49,afternoon,69.68,46.97
21.6,1,6.6,6,92,morning,44.1,61.95
8.2,3,7.1,5,70,morning,164.33,97.38
44.1,0,6.3,9,94,night,17.36,5.97
81.3,1,6.4,7,25,night,28.78,7.62
23.6,4,6.2,4,98,afternoon,269.43,92.18
7.3,5,7.8,7,115,morning,533.49,93.5
11.0,4,7.0,5,37,evening,241.42,97.15
13.5,1,6.8,7,86,afternoon,38.27,66.43
17.6,3,4.8,7,110,morning,106.19,88.01
49.9,1,6.0,3,41,morning,45.96,31.42
44.6,1,7.7,6,30,evening,38.51,30.84
57.7,0,6.5,4,65,evening,22.75,12.72
22.1,2,7.4,4,18,morning,84.13,78.63
83.9,0,8.8,4,98,morning,31.88,3.42
11.5,1,7.9,6,34,morning,43.8,73.36
30.9,4,6.6,3,50,evening,243.99,86.01
78.0,0,5.8,1,82,morning,32.3,10.32
10.0,0,3.2,6,76,morning,17.68,58.06
6.1,0,6.3,3,81,evening,25.12,75.49
103.8,5,6.1,2,37,morning,508.54,77.45
20.7,1,7.0,3,68,evening,50.37,67.29
55.8,1,6.3,4,89,morning,48.85,31.28
1.7,3,6.1,5,41,morning,132.62,100.0
56.7,3,4.2,1,136,morning,158.72,70.09
18.7,1,5.3,9,51,evening,30.65,60.68
3.3,2,7.1,6,17,night,61.26,90.66
45.7,3,8.7,4,51,evening,147.25,67.81
13.7,2,6.4,4,110,afternoon,85.47,81.27
24.0,0,6.9,5,33,evening,19.78,33.89
4.5,4,7.7,6,31,morning,253.34,100.0
8.1,1,5.4,3,70,morning,49.52,82.17
17.5,0,7.0,3,30,night,23.22,45.46
5.0,1,5.5,8,29,morning,34.04,82.25
116.5,0,7.6,4,35,morning,27.22,0.0
0.8,0,6.7,4,125,morning,29.45,99.83
32.2,3,6.9,8,75,morning,124.28,77.96
6.8,0,5.5,6,59,morning,22.6,74.05
18.1,1,7.4,4,37,afternoon,45.62,62.35
125.5,1,9.2,6,89,afternoon,46.63,12.52
9.0,0,5.2,1,79,night,26.13,69.1
162.6,6,6.1,7,129,evening,765.43,82.73
11.6,0,6.8,5,33,morning,22.25,54.29
65.4,1,7.5,7,30,morning,41.19,19.77
38.5,1,5.8,9,17,afternoon,29.1,27.66
104.1,0,2.8,8,76,afternoon,10.88,1.15
39.3,0,8.3,8,65,morning,23.91,19.86
37.2,2,7.5,5,46,evening,76.32,63.15
10.9,6,4.2,4,17,afternoon,531.77,94.01
9.2,0,5.7,5,116,afternoon,25.28,70.18
119.7,2,8.5,6,63,afternoon,78.76,22.27
19.6,3,8.4,8,104,morning,153.07,88.79
22.8,3,7.7,3,110,night,165.26,87.37
69.0,1,6.3,8,74,evening,34.01,8.69
20.4,1,6.6,7,80,morning,40.74,56.0
146.3,1,6.3,9,40,night,27.29,0.0
64.8,2,8.0,8,61,afternoon,71.0,43.01
44.2,3,5.4,4,95,night,130.81,74.22
102.6,0,5.5,2,35,evening,23.79,4.29
2.9,1,7.8,2,92,afternoon,59.24,96.3
14.8,4,6.4,4,89,morning,284.92,87.47
30.5,3,8.3,6,88,morning,162.77,79.32
12.9,6,5.6,7,58,afternoon,674.88,98.7
65.9,3,6.4,8,37,evening,100.19,52.28
121.3,1,5.3,6,136,morning,48.38,7.37
27.0,2,6.5,1,113,morning,112.45,79.95
20.6,2,4.6,3,59,evening,57.8,70.06
156.9,0,5.9,2,65,night,23.59,0.55
28.7,1,4.6,4,49,afternoon,30.71,37.04
32.7,2,7.4,5,18,morning,79.53,69.72
21.3,0,7.4,1,54,morning,34.64,52.56
115.8,3,4.3,4,75,morning,114.78,31.81
40.9,2,8.2,3,41,night,77.52,56.3
69.4,5,9.7,6,48,morning,477.3,85.25
80.7,0,6.6,5,48,afternoon,21.45,5.8
20.6,0,5.7,5,61,morning,23.96,42.17
27.8,2,10.0,5,50,afternoon,80.34,70.1
91.1,0,4.8,9,34,evening,12.21,0.0
22.2,2,6.5,3,61,evening,77.47,77.83
76.3,3,6.7,5,73,morning,143.96,56.58
136.3,0,8.2,7,64,morning,25.02,0.08
47.4,1,7.0,5,17,morning,44.06,39.28
65.5,1,5.9,8,80,night,31.64,14.4
79.0,1,5.3,4,28,night,34.06,4.13
90.0,5,6.1,5,72,afternoon,430.82,74.95
24.6,3,5.2,2,74,evening,153.46,84.96
3.0,2,6.6,6,22,evening,58.95,90.79
25.2,2,5.8,4,90,morning,88.15,77.4
54.3,1,4.6,3,135,night,35.01,21.36
29.2,5,8.1,5,49,afternoon,467.33,94.52
66.8,2,5.9,5,72,afternoon,73.87,38.01
21.7,2,4.9,2,44,afternoon,61.7,76.44
48.8,4,6.3,6,28,morning,218.48,89.93
10.4,0,6.6,6,95,morning,24.67,64.63
66.9,3,4.2,3,73,evening,107.76,54.99
38.4,0,6.9,5,38,morning,22.56,18.57
11.5,1,5.1,6,29,evening,33.39,69.96
17.1,1,8.7,5,139,morning,58.68,71.81
66.8,6,7.2,4,25,afternoon,834.0,88.51
32.1,4,6.0,4,78,morning,277.49,85.1
12.2,2,5.5,6,63,afternoon,68.49,85.1
164.6,2,6.4,9,85,evening,60.05,4.63
60.8,2,7.3,6,120,morning,97.29,44.51
151.7,5,6.5,2,9,afternoon,435.27,72.13
27.2,1,6.2,5,31,afternoon,36.89,47.7
31.4,1,6.6,8,53,evening,32.26,42.49
110.1,0,5.7,2,125,night,27.14,3.04
36.2,3,6.1,10,45,evening,93.56,62.74
59.5,3,3.8,9,40,morning,81.4,40.34
14.4,1,7.8,2,13,morning,52.1,73.33
28.9,0,6.9,9,38,morning,18.51,18.8
6.8,3,5.5,4,77,afternoon,142.4,98.64
11.6,0,9.0,7,54,morning,24.39,62.12
0.5,2,6.6,5,37,afternoon,67.49,100.0
2.4,6,5.2,5,140,afternoon,892.82,95.09
182.2,1,7.6,6,48,morning,45.47,5.2
13.8,0,7.0,7,61,evening,22.07,56.04
52.8,2,7.0,1,36,morning,107.01,53.99
88.2,3,5.9,6,28,morning,121.38,52.98
38.9,1,7.1,3,82,evening,52.13,47.74
8.5,6,6.2,4,19,afternoon,713.08,100.0
63.0,0,7.2,4,74,evening,26.76,6.47
44.5,1,4.0,5,7,afternoon,25.84,22.34
63.6,2,5.9,4,68,morning,83.56,42.57
71.0,4,8.7,2,30,evening,283.34,80.75
178.4,0,5.5,3,34,evening,22.27,2.91
41.4,3,5.7,1,49,evening,154.12,73.03
20.6,2,5.9,5,27,morning,70.92,81.73
50.7,1,4.9,9,16,afternoon,21.77,10.55
3.9,0,3.6,2,51,afternoon,19.4,84.07
109.8,4,6.2,9,85,morning,218.9,55.21
6.6,0,6.7,7,65,night,17.77,76.39
19.6,1,6.4,6,101,morning,45.03,60.42
81.7,0,6.3,6,18,night,16.49,4.29
44.2,4,6.6,7,45,afternoon,201.38,76.81
24.5,2,7.8,2,58,morning,105.96,77.19
31.3,3,6.3,5,34,afternoon,120.5,79.89
93.0,0,5.8,6,60,night,18.46,4.25
20.4,2,6.1,6,98,evening,71.55,70.74
98.3,2,7.3,7,75,evening,74.06,30.33
4.9,3,8.3,2,105,evening,189.91,100.0
72.5,4,5.7,6,67,evening,215.17,68.11
90.8,0,6.6,5,54,evening,20.92,6.9
10.1,2,6.9,4,121,morning,94.6,84.77
27.5,0,5.2,4,61,afternoon,23.46,28.79
9.2,1,6.5,6,135,morning,48.38,84.36
59.4,0,4.6,8,91,night,13.53,0.0
37.3,1,4.2,5,38,night,24.81,23.17
48.9,1,7.0,7,51,morning,43.57,33.39
11.0,2,6.0,5,120,evening,79.32,86.4
11.9,1,6.8,2,101,night,46.29,80.25
2.5,3,6.5,2,84,morning,176.88,97.8
19.2,1,5.2,2,79,afternoon,49.94,68.89
39.9,0,6.4,4,25,night,18.76,15.94
94.2,3,4.9,4,29,morning,101.85,42.42
53.3,0,8.3,6,65,evening,23.45,13.06
27.9,1,4.7,7,34,morning,27.16,31.77
147.4,2,6.2,2,49,night,73.35,15.24
61.5,1,5.1,3,47,night,38.05,16.79
128.3,0,7.2,4,77,night,24.71,0.0
36.5,1,6.1,5,66,afternoon,40.43,40.29
14.9,5,5.8,3,97,night,451.94,93.59
3.1,2,7.6,3,67,evening,90.44,99.4
62.7,2,6.5,9,64,morning,64.17,40.49
6.7,2,7.2,7,57,evening,70.79,84.31
17.8,0,5.2,3,105,morning,29.9,52.24
37.0,1,4.7,5,57,afternoon,29.64,23.59
40.4,3,6.6,4,38,morning,139.17,73.19
44.6,0,6.1,7,81,morning,22.69,15.6
9.2,0,7.3,5,53,morning,26.99,70.27
23.4,0,6.4,2,91,evening,27.41,40.52
46.6,1,6.8,7,110,morning,43.7,38.98
168.5,6,4.4,4,51,evening,560.04,65.95
62.9,0,9.0,4,108,morning,32.62,18.87
123.3,1,6.3,4,92,morning,49.2,6.25
69.4,0,7.4,5,42,afternoon,24.28,5.46
43.5,6,5.4,4,35,evening,715.64,92.26
10.7,0,6.9,3,33,morning,24.99,70.57
53.2,1,4.8,4,28,evening,27.87,10.51
47.4,3,7.1,1,103,night,185.42,77.48
44.8,2,6.0,7,51,evening,60.61,49.6
32.8,1,6.5,3,130,morning,56.89,50.54
36.6,1,7.4,1,39,morning,59.93,51.08
20.0,1,4.9,6,43,night,23.84,42.71
35.7,0,5.6,7,75,morning,22.36,17.16
11.1,0,7.1,7,126,night,23.57,59.59
79.0,1,9.2,5,42,afternoon,43.7,15.18
10.4,0,6.3,3,87,night,23.36,66.34
4.8,0,7.3,7,57,evening,21.85,79.08
28.0,2,6.4,6,76,night,62.24,67.55
52.0,6,9.0,3,36,afternoon,912.39,90.97
28.1,2,4.2,8,82,evening,46.82,50.49
16.1,0,6.6,2,49,afternoon,25.73,60.23
39.7,0,4.4,10,44,afternoon,12.5,1.87
21.0,5,3.2,8,56,evening,255.95,87.53
130.2,0,6.9,6,78,night,19.31,0.0
123.3,0,6.7,9,52,night,15.65,3.8
34.0,2,6.1,6,44,evening,62.6,56.9
19.6,2,6.4,3,53,afternoon,79.06,77.15
64.6,2,10.0,5,52,afternoon,80.76,44.38
2.3,0,6.2,2,75,evening,26.38,95.2
31.4,0,7.2,4,46,morning,28.03,32.0
20.2,6,5.7,7,45,morning,704.66,100.0
122.1,0,6.9,4,36,afternoon,21.98,0.85
1.1,2,6.2,4,77,morning,85.44,100.0
39.1,2,6.0,6,62,morning,73.78,61.68
65.3,2,8.9,8,104,morning,85.04,46.27
32.4,1,8.0,1,97,morning,69.27,60.59
4.8,0,6.7,4,65,morning,25.6,84.06
172.9,2,3.5,3,54,night,52.31,5.45
35.5,4,6.0,6,57,afternoon,218.54,83.0
46.2,5,10.0,2,40,afternoon,545.89,92.47
13.5,0,6.2,6,36,evening,18.91,53.3
32.2,0,7.9,4,33,morning,27.07,37.69
27.4,5,8.4,3,52,night,465.38,97.27
4.2,3,6.8,9,10,evening,88.72,100.0
5.9,4,5.4,1,124,morning,373.32,96.23
87.7,0,3.3,5,143,afternoon,19.69,3.62
13.7,2,7.4,1,31,night,86.01,89.96
10.9,2,5.4,5,141,night,74.84,83.31
34.2,2,6.7,5,31,afternoon,66.4,58.05
70.8,1,4.9,4,57,evening,30.1,15.6
3.6,0,6.2,3,70,morning,27.51,84.32
41.8,2,6.5,4,60,night,66.73,48.76
6.6,0,6.8,6,42,morning,21.62,79.04
2.3,1,5.1,7,41,night,30.06,96.82
3.1,5,8.1,5,87,evening,493.23,100.0
86.7,1,5.7,6,106,evening,40.49,11.59
6.5,3,4.3,3,19,afternoon,97.33,92.01
2.7,0,6.4,4,65,morning,25.6,90.98
28.2,2,6.5,3,78,morning,90.91,78.86
89.7,6,6.7,3,63,morning,919.49,91.54
15.1,0,8.3,3,24,morning,28.03,65.93
26.8,0,6.2,5,75,evening,22.05,26.52
2.5,1,6.3,5,98,afternoon,43.67,94.37
29.1,0,5.1,9,36,morning,18.41,19.28
41.9,3,7.6,3,42,night,139.91,70.32
41.1,4,6.7,6,64,night,195.76,80.53
19.9,1,6.0,7,55,night,31.19,54.29
18.7,0,4.0,5,42,night,13.93,27.97
5.9,1,8.4,4,28,morning,48.07,96.05
22.4,2,4.9,4,44,afternoon,54.56,67.95
5.5,0,5.7,1,14,evening,24.01,83.55
70.3,2,7.0,4,79,evening,87.76,45.12
163.2,2,4.9,7,38,morning,49.41,9.55
168.9,2,4.6,1,86,evening,70.43,17.48
96.6,0,3.7,3,50,morning,19.61,2.58
44.6,2,7.4,6,62,morning,84.85,55.64
58.4,0,5.8,7,21,afternoon,17.97,1.95
16.6,0,10.0,5,82,afternoon,26.87,54.9
48.3,4,5.2,6,180,afternoon,261.27,84.72
29.7,3,5.3,4,46,morning,142.17,83.59
32.1,0,5.8,3,61,night,21.92,24.73
68.6,0,6.8,4,65,morning,25.6,6.88
16.4,0,5.9,5,26,morning,21.83,44.95
18.9,0,7.3,9,30,night,16.97,34.24
124.6,0,5.2,2,76,night,24.24,7.08
3.3,0,4.7,5,36,night,13.71,82.18
32.4,1,4.2,4,50,evening,29.56,35.29
117.6,3,3.6,5,62,evening,93.38,31.99
45.7,2,5.8,1,77,afternoon,95.72,60.74
38.4,2,6.1,4,52,morning,80.23,60.19
14.3,0,5.7,7,52,afternoon,19.54,45.48
20.7,5,8.1,5,170,afternoon,570.41,96.0
92.2,3,8.1,5,93,morning,173.7,57.34
39.8,3,6.1,4,47,evening,126.71,77.27
35.2,3,4.2,4,53,afternoon,100.55,68.8
5.5,5,5.8,4,137,morning,566.68,96.22
1.3,1,5.7,7,78,morning,40.54,100.0
159.6,0,5.6,9,100,evening,19.2,0.0
23.2,2,5.6,5,46,morning,74.66,73.83
44.9,3,5.7,4,43,night,114.93,69.24
4.5,3,6.0,7,120,afternoon,134.05,92.72
55.7,1,5.7,5,55,afternoon,39.32,28.58
129.9,0,6.8,5,55,afternoon,21.84,2.49
41.6,1,7.0,3,45,evening,47.48,47.1
7.0,5,5.3,7,97,morning,445.28,96.06
42.3,2,8.2,5,63,evening,79.74,59.18
70.3,1,5.2,7,29,afternoon,33.07,12.07
25.5,0,4.4,7,42,morning,15.42,20.05
102.2,1,7.0,3,108,night,50.77,8.27
50.7,4,5.4,6,64,evening,213.56,79.25
110.7,2,6.9,7,98,evening,68.03,14.65
47.4,3,3.4,4,71,night,92.61,61.19
7.3,1,8.3,3,32,night,42.03,76.61
18.3,2,7.4,1,75,evening,105.16,77.55
11.3,0,4.5,5,56,evening,15.77,51.7
115.5,2,4.6,4,42,evening,52.1,8.98
69.1,1,8.7,5,45,evening,42.29,16.06
54.7,1,5.5,3,97,evening,46.97,35.65
17.7,2,5.4,8,65,evening,59.87,75.55
10.3,5,3.6,4,63,morning,360.96,100.0
68.3,0,6.0,3,126,night,25.53,6.31
31.4,3,6.2,5,38,night,107.2,83.99
12.8,0,7.4,5,54,morning,27.06,60.2
46.5,1,4.7,3,40,evening,30.56,27.94
2.5,0,4.5,4,74,morning,19.63,87.83
19.4,1,7.1,3,64,morning,56.1,64.97
30.8,1,7.8,6,47,evening,40.31,48.27
8.2,0,4.5,7,50,morning,15.74,60.5
201.0,1,7.9,5,92,evening,47.54,0.0
11.8,5,6.5,6,104,evening,423.1,94.02
7.2,0,7.9,7,42,afternoon,21.89,71.88
11.4,3,6.4,3,180,morning,185.64,95.27
70.8,1,3.2,9,25,morning,24.11,0.0
27.1,2,6.3,7,31,evening,57.46,66.08
40.5,0,7.9,3,49,night,24.44,17.33
1.5,0,5.3,3,37,evening,22.45,88.88
2.2,0,6.0,2,35,morning,26.77,95.4
28.8,0,6.3,3,103,evening,26.46,33.59
81.9,0,2.7,7,75,afternoon,11.39,4.33
104.4,2,8.7,5,60,evening,79.14,28.27
4.9,4,5.3,7,43,morning,216.34,97.76
37.6,3,7.2,7,32,evening,119.27,72.43
117.8,2,6.4,6,31,afternoon,62.96,17.08
24.1,0,8.1,6,102,night,23.5,34.41
85.4,0,7.0,1,100,morning,38.75,8.05
7.4,1,6.2,4,49,evening,39.31,84.98
132.0,0,5.3,6,24,night,16.77,0.0
67.3,1,7.5,1,79,morning,66.37,36.39
136.6,1,4.1,1,50,night,32.79,5.36
54.7,1,7.3,8,94,evening,41.04,25.97
22.2,1,5.1,6,30,morning,37.67,55.52
134.1,3,8.1,4,60,morning,169.53,43.24
16.0,3,6.7,6,29,evening,108.19,87.76
19.9,1,7.3,7,38,morning,42.09,63.55
58.4,4,6.6,4,37,afternoon,231.33,80.84
70.1,5,4.2,1,49,morning,421.33,82.65
127.7,1,5.4,9,107,evening,35.12,1.03
11.5,1,7.4,4,61,morning,52.46,83.09
77.3,1,6.7,2,86,night,44.7,18.62
64.9,5,8.0,5,59,night,422.01,82.57
3.7,4,7.0,7,45,night,203.79,100.0
24.0,0,5.2,3,15,evening,21.12,26.15
16.5,1,5.5,4,31,morning,42.14,70.35
17.9,2,6.6,3,57,evening,76.68,74.75
195.9,1,3.5,10,62,morning,25.46,6.65
49.9,0,8.7,3,94,morning,33.52,17.16
61.2,4,7.1,5,20,morning,259.13,83.0
180.8,2,8.1,8,155,afternoon,84.02,11.34
23.2,3,4.4,3,15,evening,92.38,76.51
78.2,4,8.1,9,55,evening,207.72,69.28
27.9,3,9.4,9,41,afternoon,115.87,80.81
98.3,1,4.8,8,32,morning,25.74,0.0
10.1,2,7.5,3,122,night,94.29,86.99
142.1,0,6.5,6,42,afternoon,20.02,2.36
12.4,2,4.5,7,19,afternoon,43.41,69.18
19.5,0,7.1,10,26,morning,19.71,35.14
68.2,2,7.6,3,100,evening,97.9,60.47
24.5,0,5.7,7,27,evening,17.54,21.35
45.5,0,8.0,4,23,morning,26.33,21.79
28.7,0,4.3,3,63,morning,20.28,22.23
65.6,0,4.6,5,49,evening,15.48,3.23
12.9,2,6.7,7,73,evening,64.08,84.06
3.4,3,6.5,5,45,morning,134.04,100.0
17.6,1,5.6,5,83,night,37.1,61.52
31.4,0,7.6,10,25,morning,19.66,27.21
9.3,0,7.2,4,22,afternoon,24.32,66.15
21.5,0,7.6,6,66,night,21.55,37.7
25.0,0,6.3,4,49,afternoon,22.75,34.18
3.3,4,7.3,4,44,evening,260.21,94.81
42.5,0,5.9,6,79,afternoon,21.99,13.48
104.0,1,9.2,9,167,morning,48.15,12.1
8.4,0,5.4,5,22,night,17.59,60.52
44.2,0,9.2,7,109,afternoon,25.79,26.56
53.0,1,6.5,2,81,night,44.16,27.18
26.6,2,4.7,3,43,morning,62.38,69.41
58.5,0,8.3,5,127,morning,32.16,19.22
25.9,0,6.7,1,26,morning,27.94,39.53
34.2,1,7.6,4,71,evening,47.81,45.88
0.9,0,8.1,5,51,afternoon,24.86,93.76
57.0,0,6.9,1,43,night,23.84,7.35
52.5,5,5.7,4,29,afternoon,407.4,81.66
2.4,2,7.8,5,180,night,86.07,93.74
22.5,2,6.5,5,43,morning,74.07,68.62
186.0,1,7.4,8,11,night,30.31,4.93
26.7,1,3.7,6,88,evening,29.12,42.14
34.0,1,7.1,5,68,evening,44.86,49.62
116.0,2,5.7,9,49,evening,54.89,14.14
61.1,2,8.6,7,46,evening,68.8,41.73
42.4,0,7.3,3,54,evening,27.01,25.92
77.2,1,6.8,3,88,morning,51.73,20.35
96.4,1,7.1,6,68,morning,47.85,13.71
29.8,4,5.2,5,75,night,212.18,89.51
31.4,2,8.6,7,75,evening,74.06,60.82
23.9,1,9.1,7,90,evening,42.65,67.94
163.8,0,7.0,6,104,afternoon,26.82,0.32
57.8,2,8.6,10,38,morning,66.0,42.15
4.7,0,5.8,5,63,morning,24.08,86.67
95.9,1,5.5,2,102,evening,50.62,18.24
31.9,0,6.6,7,38,afternoon,18.83,18.51
3.9,2,7.1,4,114,morning,107.11,96.88
38.8,0,6.0,7,38,afternoon,18.83,7.47
26.4,1,7.2,9,70,morning,41.62,51.08
101.4,4,6.9,6,49,afternoon,214.06,64.08
11.5,0,5.2,6,45,morning,21.79,60.55
84.6,1,7.2,5,73,evening,45.42,19.8
39.7,1,7.6,4,105,morning,58.31,50.2
3.2,0,6.7,4,48,afternoon,22.69,81.99
171.9,3,8.0,6,110,morning,171.26,40.35
35.0,0,4.9,7,37,morning,15.21,15.04
17.0,1,7.1,6,105,afternoon,48.39,73.52
30.9,2,5.0,3,60,afternoon,80.49,67.55
94.1,2,5.1,5,68,evening,70.22,29.84
18.0,2,5.7,7,28,morning,64.11,87.52
10.8,0,5.3,5,43,evening,20.32,59.18
7.1,0,5.8,5,56,night,19.27,64.59
17.5,2,6.2,7,99,evening,68.18,75.31
73.2,1,7.6,6,51,morning,45.82,22.43
31.1,3,6.1,5,35,afternoon,120.83,71.69
12.9,3,4.4,8,65,morning,90.93,87.37
9.2,3,8.0,3,146,morning,213.49,97.11
19.9,1,5.4,10,68,night,28.08,54.6
135.5,1,6.4,2,50,morning,50.14,11.29
20.7,3,7.1,1,65,afternoon,192.35,92.82
213.3,1,6.8,8,34,evening,30.67,0.0
32.4,0,7.9,3,117,evening,31.4,38.86
10.0,4,7.1,6,116,afternoon,289.3,99.07
106.9,4,5.4,7,33,morning,210.59,61.09
30.1,1,9.3,8,115,morning,48.43,47.66
59.9,0,6.8,10,65,afternoon,17.6,0.6
198.1,1,6.3,4,82,morning,48.04,0.0
3.0,3,7.8,6,57,afternoon,139.62,90.82
5.4,4,6.8,2,59,morning,299.31,98.2
61.7,0,7.0,5,40,morning,26.08,6.6
16.4,0,9.7,7,33,afternoon,21.36,55.59
10.3,4,6.1,4,32,morning,246.46,95.32
2.4,1,6.1,6,100,afternoon,41.6,98.92
1.6,1,6.7,5,63,evening,38.52,90.44
72.0,6,7.9,6,34,evening,735.64,88.82
7.4,0,4.5,9,60,morning,14.7,60.8
30.8,2,3.9,2,20,morning,62.4,57.86
45.2,0,5.7,5,34,morning,22.32,11.72
27.3,1,4.4,8,105,evening,27.45,36.23
1.8,3,5.9,5,42,evening,118.2,97.67
73.9,1,7.2,2,99,morning,65.04,38.59
1.0,7,5.3,5,54,night,1173.81,100.0
69.4,2,4.6,4,82,morning,64.86,35.98
107.9,1,6.6,3,29,afternoon,41.19,9.17
27.7,0,7.6,7,75,evening,22.86,31.91
37.3,1,4.3,5,13,night,23.14,19.67
31.6,1,7.6,9,45,evening,34.7,39.1
24.2,0,7.6,7,108,evening,24.7,38.13
105.3,1,7.7,6,58,morning,46.66,14.52
108.2,1,8.1,1,33,evening,52.41,16.63
20.1,2,9.4,5,104,morning,98.99,80.78
46.3,2,6.0,3,155,night,84.04,60.33
126.1,2,6.6,8,50,afternoon,60.02,11.55
157.5,0,6.0,3,21,evening,21.48,0.18
34.6,0,6.5,4,58,afternoon,23.29,20.97
29.4,2,8.5,5,85,evening,84.17,69.88
16.2,1,4.8,4,51,afternoon,30.87,63.87
153.7,0,5.4,3,14,evening,21.06,0.39
7.9,3,8.3,6,80,morning,159.68,95.65
42.1,3,7.8,2,37,morning,180.5,74.13
16.4,1,6.0,2,44,morning,49.36,70.65
16.2,0,7.6,4,22,morning,26.26,53.12
25.4,3,6.9,6,11,night,94.25,73.47
323.0,2,8.5,5,28,morning,81.79,2.0
3.2,3,6.6,5,42,night,108.35,95.59
42.0,3,7.8,5,41,morning,152.52,76.21
4.6,3,9.9,4,120,morning,195.39,98.1
8.6,1,7.3,9,31,evening,33.42,73.96
28.3,0,6.6,2,94,evening,27.6,34.48
34.8,2,7.4,6,62,afternoon,78.56,64.48
14.9,2,6.0,8,129,afternoon,72.38,85.54
18.8,3,9.6,7,55,evening,126.78,87.12
4.9,0,6.7,3,15,morning,23.76,79.05
17.8,0,6.1,4,52,night,20.18,42.78
163.6,4,5.4,6,11,night,169.65,44.1
139.5,3,7.9,2,28,evening,156.55,44.23
20.1,4,7.6,7,52,morning,254.74,94.33
41.1,3,5.9,6,53,evening,115.36,72.57
115.9,2,7.2,6,92,morning,91.28,33.13
0.8,2,4.5,2,72,morning,71.58,100.0
80.4,4,6.7,6,123,morning,275.93,76.71
142.8,2,7.1,6,92,afternoon,84.52,22.2
5.1,2,8.7,7,86,night,69.72,89.16
9.0,0,5.5,1,148,evening,32.26,70.39
155.9,1,4.8,1,90,evening,39.5,2.48
37.5,2,5.3,4,112,afternoon,85.86,64.85
1.2,0,4.8,3,20,morning,18.08,91.67
14.8,0,8.2,5,48,afternoon,24.67,57.77
29.2,1,8.5,8,70,night,35.5,37.41
57.2,0,6.9,4,59,morning,25.21,8.47
63.9,0,8.1,7,36,night,18.95,1.74
259.0,1,6.7,1,87,afternoon,54.48,0.0
16.8,4,6.4,3,98,afternoon,285.98,99.53
37.6,1,6.1,1,54,evening,48.19,41.07
37.1,0,6.1,4,49,afternoon,22.75,17.52
25.5,0,4.5,8,43,night,12.0,15.13
9.4,2,6.8,2,89,night,81.03,91.31
182.5,1,6.4,6,49,afternoon,36.7,0.0
92.6,3,7.5,5,58,morning,159.44,58.34
33.6,2,6.6,9,106,afternoon,65.7,60.98
44.9,3,6.3,2,67,night,138.25,80.43
12.9,0,5.4,3,58,morning,26.69,63.09
38.2,2,6.6,1,40,evening,83.61,62.83
57.5,0,7.5,5,57,evening,24.24,6.33
35.2,5,5.0,4,37,evening,399.74,88.97
222.9,2,6.6,8,65,morning,67.35,0.76
45.9,1,6.8,6,44,evening,34.78,31.51
22.8,0,5.6,6,47,night,17.85,27.94
71.5,0,5.7,5,57,morning,23.71,6.88
9.5,2,6.8,2,131,morning,109.33,96.98
23.8,0,5.0,5,70,night,19.96,22.1
21.0,2,7.0,10,28,morning,64.23,76.59
27.6,0,5.3,7,49,night,17.06,20.03
73.6,2,7.9,8,41,afternoon,67.4,35.08
32.3,3,9.5,7,40,morning,137.11,76.11
76.3,3,5.4,2,41,night,129.27,52.78
41.7,3,7.2,3,49,afternoon,161.95,79.01
20.6,0,5.6,1,38,afternoon,26.74,54.62
80.2,0,7.9,4,38,afternoon,25.41,7.77
13.6,2,4.9,2,41,afternoon,61.21,84.51
12.7,1,7.1,5,40,morning,46.95,75.63
34.2,1,5.4,6,34,afternoon,35.26,35.81
15.0,0,6.2,8,78,night,17.49,39.69
0.9,0,5.2,7,46,morning,20.77,94.05
50.7,0,7.6,9,51,evening,19.58,0.33
34.8,4,5.4,2,48,morning,290.92,86.19
28.8,0,7.2,1,39,evening,29.6,35.83
164.2,2,6.1,6,34,morning,68.55,8.5
41.1,0,6.4,4,82,night,21.75,15.57
96.1,2,6.7,4,35,afternoon,71.01,27.11
7.7,1,5.5,4,36,morning,42.72,83.46
40.9,4,6.8,4,95,morning,288.96,84.77
97.7,4,8.5,5,42,morning,275.27,63.25
42.5,1,5.5,5,57,afternoon,39.52,32.1
61.3,4,8.0,5,47,morning,278.93,76.87
22.8,7,8.4,6,55,evening,1399.85,100.0
5.2,3,5.4,4,118,afternoon,156.63,99.92
29.9,3,4.6,4,37,morning,104.1,78.32
24.6,0,6.9,3,78,evening,24.94,39.94
97.4,2,5.8,4,82,evening,76.87,27.7
13.9,0,8.9,7,79,morning,25.97,56.72
163.9,0,6.5,7,116,morning,24.61,0.0
152.8,7,5.5,6,15,morning,1228.36,83.03
14.2,1,5.0,3,24,evening,39.0,72.95
21.0,3,7.9,6,33,evening,125.79,84.01
108.9,3,5.8,5,43,afternoon,123.46,37.03
163.7,4,6.6,5,65,evening,225.8,45.54
28.6,7,7.7,5,34,evening,1396.56,94.94
19.1,0,5.9,5,34,afternoon,20.66,39.83
36.3,0,6.4,5,60,night,19.47,19.23
56.4,1,6.5,6,74,morning,42.23,25.09
15.8,0,7.4,2,56,morning,32.54,53.65
64.5,0,7.3,7,76,morning,25.78,7.53
3.0,1,6.2,3,21,morning,43.5,92.79
2.9,3,6.6,2,38,afternoon,145.72,97.24
23.9,2,6.0,9,32,night,48.08,58.63
21.4,1,4.6,9,42,morning,25.26,43.62
18.7,2,6.8,2,54,morning,91.2,81.69
32.9,0,9.0,5,18,afternoon,22.73,23.43
19.1,0,5.4,3,41,night,20.81,41.37
10.7,3,5.5,5,37,morning,131.21,90.66
18.3,2,5.4,7,22,afternoon,58.37,71.39
177.4,3,7.4,9,76,morning,136.84,32.18
25.9,0,7.1,6,56,morning,25.79,38.59
28.7,3,6.3,4,42,night,114.62,80.74
41.7,2,5.3,6,127,night,70.0,59.41
197.0,2,6.6,4,24,morning,74.4,8.92
13.8,2,4.5,8,130,night,47.88,78.21
55.4,4,6.7,8,49,evening,186.19,68.74
60.9,2,7.6,5,36,night,68.12,41.62
45.4,2,4.9,4,42,afternoon,54.27,42.68
5.0,7,4.5,4,45,afternoon,1033.69,100.0
54.7,3,8.6,1,139,afternoon,225.35,81.69
3.7,1,5.7,7,65,evening,34.9,87.73
44.0,2,8.0,5,29,morning,82.02,59.78
65.1,1,6.3,4,82,morning,48.04,26.38
11.9,0,6.3,5,45,morning,22.98,61.18
89.0,2,7.1,7,9,evening,62.09,20.28
2.0,5,5.4,2,81,morning,568.96,100.0
89.6,5,6.7,8,82,evening,364.06,77.39
30.1,1,6.0,8,47,night,29.11,36.55
12.3,1,4.8,9,39,morning,25.06,58.67
7.4,0,6.9,4,86,evening,23.95,71.38
147.6,7,6.2,3,38,afternoon,1435.82,94.34
4.1,6,6.3,4,97,night,766.43,95.79
11.2,2,4.9,4,38,morning,57.99,79.01
21.0,3,8.6,3,52,evening,156.69,87.28
47.0,2,7.6,6,69,evening,76.75,51.51
38.3,2,7.8,5,61,night,72.73,55.96
6.9,0,6.1,8,36,evening,17.13,67.22
16.9,1,4.3,1,67,afternoon,38.91,59.5
13.6,2,9.0,6,80,evening,78.85,80.63
12.0,2,6.4,7,30,night,52.53,86.77
25.9,1,5.5,7,70,afternoon,36.81,51.09
58.9,5,7.0,8,51,morning,435.85,84.75
12.3,0,8.0,6,31,night,19.66,54.96
22.4,1,6.5,8,65,evening,33.26,52.98
24.3,2,8.2,4,85,evening,89.04,79.6
180.4,2,7.9,5,40,morning,84.51,11.38
149.0,2,5.1,1,67,evening,89.65,22.39
77.8,0,5.6,1,45,afternoon,27.24,0.0
13.8,0,7.7,3,76,evening,28.54,57.96
3.9,2,3.0,2,93,morning,75.29,95.53
18.8,2,6.3,4,63,evening,73.35,78.55
15.4,0,4.6,3,79,night,17.19,37.63
34.3,2,5.9,1,87,morning,105.9,73.24
72.7,1,6.1,8,40,night,28.58,5.67
94.3,2,6.0,1,45,afternoon,88.26,33.38
89.9,3,5.8,7,68,night,104.44,45.87
21.9,0,5.1,3,104,evening,26.52,46.96
56.3,0,9.5,8,27,afternoon,20.02,2.52
18.5,3,8.9,8,72,evening,126.11,82.66
3.5,2,5.0,6,99,night,65.74,93.38
58.5,2,8.6,6,50,afternoon,76.18,46.3
1.0,3,6.0,1,55,morning,176.11,97.13
25.8,3,6.7,10,55,evening,96.04,80.08
19.7,6,6.4,8,53,evening,609.56,98.04
57.2,1,5.6,8,36,evening,30.84,17.07
70.3,1,7.8,6,52,evening,40.84,13.45
17.9,1,6.7,4,36,afternoon,39.56,67.69
80.6,0,5.9,8,77,evening,19.04,0.0
17.2,2,4.8,4,19,morning,55.02,76.07
28.9,0,5.3,5,85,afternoon,23.53,32.55
62.8,5,4.4,2,92,morning,438.05,85.13
57.2,2,6.5,8,61,morning,66.68,46.86
210.3,2,4.9,3,125,afternoon,70.34,4.81
12.7,1,6.2,3,70,afternoon,45.85,76.03
52.6,0,8.3,5,65,evening,24.74,13.11
45.7,0,8.1,7,19,afternoon,20.54,21.97
118.9,1,6.5,6,95,afternoon,41.12,10.25
8.7,0,6.4,3,33,morning,24.99,73.05
67.4,2,8.9,1,31,afternoon,97.74,46.98
40.8,4,7.2,7,62,morning,261.35,86.05
15.9,4,6.1,10,36,morning,184.96,88.92
31.4,2,4.6,7,50,evening,45.34,52.91
20.0,0,7.0,5,99,evening,26.85,47.97
42.1,4,7.6,8,117,evening,252.2,80.69
106.0,4,5.7,5,40,afternoon,220.45,62.11
40.9,0,6.9,5,51,afternoon,21.62,12.11
48.4,3,6.0,5,159,night,134.72,70.35
35.6,0,6.3,5,117,afternoon,25.33,21.52
3.0,3,3.3,7,88,afternoon,93.44,96.94
13.2,7,6.2,5,36,morning,1373.64,100.0
33.0,0,7.8,4,41,morning,27.66,30.15
18.3,4,5.7,4,87,afternoon,262.56,91.9
10.1,2,6.6,1,17,afternoon,81.73,89.09
34.2,6,5.5,6,96,afternoon,778.8,98.14
19.2,1,7.0,3,108,afternoon,57.7,67.82
14.8,3,6.2,3,47,evening,134.49,90.49
30.4,0,5.3,6,118,evening,23.11,31.44
7.4,1,8.2,6,71,evening,42.85,86.15
126.6,0,7.7,7,28,evening,20.23,0.39
97.6,6,5.7,5,59,night,660.53,88.5
59.5,3,7.1,8,38,morning,129.97,64.85
5.9,4,7.2,9,63,morning,238.5,100.0
72.3,5,7.3,7,27,morning,428.78,77.4
79.7,0,4.3,6,123,evening,17.52,0.0
70.6,1,7.8,4,76,night,44.37,23.88
6.3,0,5.8,10,44,morning,18.0,65.2
50.1,0,6.0,4,64,night,20.81,10.41
86.8,0,9.9,3,56,morning,30.54,4.6
41.8,1,6.9,5,125,night,40.84,32.44
50.4,0,6.0,2,55,afternoon,26.13,15.76
29.9,0,3.6,9,62,morning,14.78,13.93
36.6,0,8.3,6,25,afternoon,21.98,26.3
2.2,0,4.8,5,63,morning,18.06,86.34
49.4,6,5.2,6,70,morning,790.17,98.98
4.6,3,6.1,5,31,morning,129.08,97.73
27.9,6,8.3,1,82,evening,1122.88,95.23
17.1,1,7.5,6,16,afternoon,38.57,66.98
38.3,0,6.3,6,51,morning,22.14,19.71
7.4,3,6.9,5,24,evening,112.53,93.76
57.0,1,5.7,7,58,evening,34.29,19.9
76.6,0,6.7,3,46,morning,25.87,3.09
9.1,0,6.6,3,72,afternoon,25.6,67.19
5.8,0,7.8,3,55,morning,30.46,85.32
8.0,0,7.8,4,71,morning,29.88,75.73
101.1,1,7.1,7,59,evening,39.53,7.47
36.6,2,6.0,7,98,morning,76.53,62.97
30.7,0,7.5,4,91,afternoon,29.04,35.67
5.9,0,6.4,6,37,evening,18.96,68.26
50.8,3,5.1,6,94,morning,143.55,74.7
97.7,0,6.0,3,69,afternoon,25.41,2.56
85.0,1,6.6,3,103,morning,53.57,19.75
47.7,4,7.7,9,31,night,178.64,78.07
4.3,0,6.3,6,27,afternoon,19.22,80.78
6.2,0,4.9,10,27,evening,11.46,60.9
2.9,1,6.6,4,118,afternoon,48.34,96.06
14.8,1,6.6,6,104,morning,45.34,74.66
7.5,2,6.7,3,91,evening,83.36,96.12
15.0,3,7.7,4,25,night,125.84,91.86
23.8,0,7.8,5,91,evening,26.35,39.97
138.0,2,5.7,4,26,evening,66.51,8.63
45.7,1,5.7,3,9,night,34.25,32.17
87.0,0,5.1,4,45,morning,24.31,1.96
60.0,2,7.4,1,52,morning,111.64,56.77
6.2,0,8.4,6,111,evening,26.16,72.82
64.4,1,6.1,5,31,afternoon,36.89,18.64
15.9,0,6.2,2,165,evening,30.15,59.53
49.4,1,8.4,3,63,night,45.6,28.54
20.5,1,7.2,2,54,afternoon,53.95,69.97
291.5,3,7.1,6,53,morning,149.25,12.44
15.2,0,5.0,2,27,evening,23.28,61.46
16.2,1,7.4,7,47,morning,43.11,66.68
128.6,1,5.3,1,66,evening,49.68,5.99
1.7,2,5.0,3,92,afternoon,87.04,95.0
57.8,2,6.0,8,46,evening,57.01,40.76
62.5,2,5.7,6,63,morning,73.97,41.65
87.4,3,6.2,2,85,evening,157.6,54.9
176.5,4,4.6,7,45,afternoon,151.03,33.55
178.7,1,7.7,5,96,afternoon,49.99,0.0
3.7,1,8.0,7,76,morning,46.4,94.52
83.3,3,4.0,6,88,evening,94.36,47.6
50.4,6,7.8,6,18,night,644.96,94.47
50.5,4,5.4,10,48,morning,190.97,79.0
7.1,1,7.6,3,39,morning,52.57,90.41
50.9,0,6.4,6,15,morning,20.06,13.9
194.6,1,6.5,5,135,evening,45.36,5.6
117.1,3,6.3,1,91,evening,171.05,51.97
28.3,1,8.1,1,22,afternoon,52.96,61.77
2.5,1,4.9,2,113,morning,43.79,91.35
22.1,3,7.3,6,56,afternoon,139.26,88.04
84.5,1,7.9,5,73,afternoon,47.31,13.24
58.5,4,7.4,5,40,afternoon,253.52,78.11
30.0,1,9.5,1,95,night,56.18,47.84
3.2,1,5.8,5,54,morning,42.35,94.13
27.2,1,7.7,8,75,evening,39.21,47.72
30.9,3,6.4,4,101,afternoon,150.73,85.35
127.2,0,8.1,6,80,afternoon,25.35,2.03
49.7,0,6.5,7,46,evening,18.46,10.71
18.4,5,6.0,7,55,evening,357.18,91.19
36.3,0,8.2,5,89,night,24.04,25.73
3.8,2,5.9,8,6,morning,57.38,100.0
173.1,2,4.7,4,49,morning,59.71,8.18
21.9,1,5.8,8,57,evening,32.59,53.84
31.7,2,7.3,3,67,afternoon,94.21,72.02
21.6,0,8.3,4,40,morning,27.59,43.87
55.6,2,6.6,2,54,morning,91.2,57.02
52.6,1,8.2,7,63,morning,44.93,25.74
60.8,2,4.7,5,62,night,47.55,26.38
15.5,0,5.9,3,61,morning,26.9,50.0
18.7,2,6.1,3,46,morning,83.83,77.54
6.9,0,6.4,8,65,morning,20.79,74.0
51.7,0,6.6,7,109,afternoon,22.43,11.74
2.4,0,7.4,5,54,morning,27.06,91.69
44.2,0,5.9,6,64,afternoon,21.19,13.02
98.3,3,6.7,5,54,morning,137.23,42.25
106.8,0,6.4,4,107,evening,25.15,0.13
29.1,5,5.3,8,49,morning,377.03,90.19
30.0,6,6.4,2,34,afternoon,840.71,94.19
4.3,2,6.3,5,82,night,66.61,95.85
53.8,0,6.3,4,48,evening,21.78,5.45
83.1,1,6.5,5,79,afternoon,41.75,11.55
14.0,3,6.6,5,44,morning,133.69,82.75
26.8,1,5.9,5,29,morning,39.62,49.81
88.1,0,8.2,3,55,evening,27.08,0.06
101.1,2,5.0,5,23,night,57.15,17.33
13.9,3,5.6,3,66,evening,141.21,87.3
38.9,3,10.0,3,87,afternoon,178.05,80.74
10.8,0,5.2,2,140,evening,30.15,69.38
5.7,2,4.7,7,42,afternoon,46.25,94.26
116.7,0,7.5,5,37,morning,25.87,2.84
82.9,0,3.8,6,86,afternoon,16.77,0.0
69.0,4,6.2,6,83,night,205.12,67.01
2.9,0,9.3,6,86,morning,27.78,90.28
89.6,0,4.5,5,141,evening,18.9,0.0
28.2,0,3.9,4,57,morning,18.81,11.95
20.6,4,4.6,4,156,afternoon,218.63,95.73
38.5,3,7.7,6,47,morning,146.93,79.47
5.1,2,8.0,5,39,afternoon,78.04,95.5
68.3,3,5.8,7,37,evening,105.13,50.1
42.4,0,7.4,8,35,morning,22.11,16.19
10.4,1,8.3,3,145,evening,58.57,81.27
10.5,1,8.8,3,104,evening,54.89,83.31
10.3,0,6.2,6,138,night,21.9,59.26
3.3,1,3.5,4,17,morning,30.39,95.02
43.0,5,5.4,1,26,afternoon,488.87,86.08
88.6,0,5.9,8,48,morning,19.9,5.48
1.3,0,6.2,3,44,night,20.97,94.13
2.9,0,6.3,8,64,night,16.9,82.52
41.3,0,8.0,6,58,afternoon,24.0,18.48
82.7,4,8.2,7,31,evening,214.09,70.52
19.5,1,6.3,3,41,afternoon,42.56,68.02
21.1,1,7.9,3,49,evening,47.99,65.52
44.0,3,7.0,5,28,morning,147.22,71.05
15.9,0,6.6,3,53,evening,23.42,50.92
1.8,1,7.7,4,29,morning,48.2,100.0
64.3,1,6.6,4,52,evening,39.62,24.45
47.7,2,9.2,3,34,evening,82.99,59.46
42.2,7,4.6,3,91,evening,1181.34,99.28
65.5,3,5.8,7,71,morning,129.13,62.66
54.5,1,6.3,3,70,morning,49.52,37.32
11.6,3,7.1,1,82,morning,216.6,93.19
21.4,0,8.1,6,73,afternoon,24.92,37.63
7.0,0,6.5,9,92,morning,21.2,72.12
7.2,0,4.7,4,61,night,15.49,59.96
54.6,1,7.6,2,81,afternoon,57.71,35.13
94.4,1,7.5,5,69,morning,50.59,12.96
158.4,2,4.0,8,69,afternoon,47.24,12.2
48.0,4,6.5,7,22,afternoon,189.13,78.06
10.3,1,4.4,6,31,evening,25.18,67.7
5.9,1,5.6,4,65,afternoon,42.66,82.81
80.9,0,5.3,5,37,night,18.33,0.0
42.0,0,7.6,2,55,afternoon,30.05,21.85
46.7,2,6.7,6,42,night,57.07,49.16
73.5,1,4.8,6,43,night,23.84,5.75
58.8,3,7.6,9,58,morning,130.83,65.89
86.8,0,4.6,4,49,night,15.02,2.89
3.3,0,6.9,1,112,morning,34.63,88.84
66.6,1,5.4,5,24,evening,34.73,19.56
91.8,0,6.0,6,76,afternoon,21.83,0.0
16.7,0,7.2,7,84,night,21.41,50.77
49.6,2,7.2,3,116,night,93.05,60.23
18.6,0,8.2,4,59,evening,25.77,42.33
152.6,2,6.4,5,80,evening,72.32,9.5
2.1,0,6.9,4,111,morning,28.55,86.66
42.1,0,5.9,8,40,morning,19.48,15.59
9.2,1,6.7,5,34,afternoon,37.19,78.0
60.3,3,7.1,7,60,morning,144.46,58.08
9.8,1,6.4,6,50,evening,35.33,77.09
13.4,3,4.2,7,80,morning,99.0,85.46
33.2,0,6.9,4,25,night,18.76,11.85
118.7,3,7.0,7,107,evening,143.75,49.66
11.9,0,5.6,4,65,evening,22.75,59.65
8.0,2,4.8,5,49,morning,56.44,85.76
68.8,2,8.4,3,57,night,80.83,41.29
33.8,5,7.1,5,94,night,459.66,87.61
117.0,1,6.2,4,74,afternoon,43.63,2.28
8.1,0,5.0,4,56,evening,22.24,73.97
50.3,0,5.4,9,51,evening,17.03,3.56
13.2,3,8.2,3,52,morning,176.28,92.86
8.7,1,6.7,7,79,afternoon,37.63,72.2
55.7,3,5.8,10,48,afternoon,98.24,52.11
43.7,0,7.2,1,76,morning,36.6,32.44
68.0,1,5.4,6,34,afternoon,35.26,15.86
18.3,0,8.5,4,38,morning,27.44,57.47
29.0,6,8.3,1,56,morning,1184.16,100.0
25.5,2,5.9,5,51,morning,75.65,70.58
199.3,5,5.7,9,39,night,285.75,51.44
17.1,0,3.1,1,29,afternoon,19.57,40.62
17.3,2,4.6,6,36,night,42.12,73.51
21.5,2,4.8,5,121,afternoon,62.1,74.76
40.4,1,6.7,8,39,morning,34.98,32.1
14.5,3,6.1,2,14,afternoon,136.31,90.61
119.0,5,4.8,6,58,afternoon,295.78,71.93
15.3,4,6.1,6,39,morning,225.14,95.46
109.1,3,7.2,6,48,evening,130.95,48.92
5.7,0,7.2,9,88,morning,24.15,71.3
51.8,0,4.0,7,50,evening,13.99,4.08
114.5,6,6.3,1,47,evening,894.14,86.18
9.4,0,4.7,5,40,morning,17.01,63.69
166.2,2,7.7,4,49,morning,91.55,21.69
29.4,2,7.5,4,69,evening,85.63,71.06
140.3,2,5.3,5,18,afternoon,64.03,16.55
54.7,7,5.5,4,26,morning,1413.76,100.0
17.7,1,5.9,5,70,night,35.94,61.37
10.5,1,3.6,9,58,morning,26.33,75.77
17.9,0,6.9,2,41,evening,24.18,47.59
5.2,1,6.1,8,72,night,31.03,83.82
8.0,0,7.8,5,45,morning,26.43,76.91
5.8,1,5.1,6,88,morning,43.68,86.33
26.9,3,5.7,7,40,morning,119.23,80.1
76.7,5,4.5,4,34,morning,334.55,84.44
7.8,0,5.2,5,176,morning,28.35,76.01
7.2,1,5.0,5,79,evening,40.08,77.62
50.0,5,7.8,4,36,morning,515.76,92.05
11.0,0,5.6,8,46,afternoon,18.33,52.44
5.4,0,6.7,7,40,night,16.66,75.34
9.3,0,6.0,2,21,evening,22.89,69.05
124.0,2,4.8,2,47,evening,59.7,17.68
83.2,0,6.3,5,61,morning,23.96,6.28
21.5,6,7.3,2,109,evening,1117.64,100.0
51.7,1,4.9,6,53,afternoon,27.82,13.25
37.5,1,7.6,3,43,afternoon,49.2,49.48
54.8,0,5.4,5,116,morning,27.3,20.32
55.6,1,5.9,1,103,night,49.76,30.31
48.1,2,7.2,4,61,afternoon,87.43,63.98
15.4,3,5.6,6,57,morning,131.12,87.0
2.4,3,6.5,5,68,afternoon,131.66,95.21
29.7,2,6.1,9,40,afternoon,55.83,59.78
106.9,4,6.7,8,56,evening,189.6,59.41
41.0,3,3.4,4,39,evening,93.03,67.55
86.2,3,4.1,1,105,evening,132.52,48.81
230.1,0,7.3,7,35,morning,23.2,1.53
9.1,0,7.8,8,63,afternoon,22.02,63.76
57.0,0,5.3,7,65,afternoon,20.2,0.74
54.3,2,6.2,2,110,morning,104.39,56.19
188.2,1,6.9,10,43,morning,32.32,0.0
204.0,1,7.4,4,38,evening,43.91,2.79
56.2,4,3.9,6,77,morning,186.08,77.97
13.9,4,5.3,8,72,afternoon,205.61,88.31
77.4,4,6.1,3,140,morning,334.16,80.56
5.9,1,7.4,8,61,morning,42.6,82.95
73.3,2,9.7,4,104,morning,104.72,51.86
116.2,0,6.2,9,98,night,17.52,0.0
23.7,0,4.7,4,38,evening,15.91,18.86
48.3,0,7.0,9,23,night,16.64,8.29
27.5,1,8.2,2,48,afternoon,53.12,57.53
28.1,1,6.6,6,86,morning,43.48,51.29
18.3,3,5.3,5,110,afternoon,145.44,80.41
69.4,0,7.7,5,5,afternoon,21.89,7.51
132.6,3,7.4,3,35,evening,149.78,44.13
136.1,1,5.2,6,68,morning,41.61,3.82
9.7,0,7.0,3,78,afternoon,29.88,66.93
100.2,1,7.8,5,32,morning,45.94,15.53
64.7,0,8.0,4,39,morning,27.52,7.19
14.5,2,6.4,9,20,evening,50.72,73.55
3.8,1,6.0,1,123,afternoon,59.14,100.0
15.5,0,8.1,3,63,afternoon,28.79,55.9
117.3,0,4.9,3,39,afternoon,17.64,2.73
48.6,1,7.1,5,100,afternoon,50.46,40.13
61.8,4,4.7,3,63,evening,189.2,73.5
14.8,1,7.9,5,109,night,45.32,73.13
61.5,3,6.2,8,117,night,111.68,58.97
1.9,2,8.1,6,32,evening,69.7,98.26
23.1,5,7.1,5,104,morning,577.32,95.9
47.8,3,4.9,2,102,evening,123.0,73.09
8.1,2,8.4,6,72,afternoon,80.55,85.84
83.6,2,8.5,3,75,morning,103.78,48.26
13.4,4,7.6,7,61,evening,231.72,97.26
51.2,1,5.5,4,28,morning,41.8,31.82
25.4,1,6.1,5,27,night,32.11,49.24
44.0,0,6.7,4,125,afternoon,27.27,19.6
6.0,3,5.6,8,63,evening,107.22,88.02
1.3,3,8.7,2,49,evening,165.64,98.97
115.8,0,6.7,5,77,night,20.31,0.0
15.6,2,3.0,3,38,evening,54.71,72.63
82.7,1,6.9,6,45,evening,34.87,4.98
352.8,0,6.0,8,58,morning,20.42,0.0
11.9,6,6.4,5,41,afternoon,716.17,96.26
15.3,0,6.0,5,73,morning,24.68,45.48
52.7,0,7.5,8,53,evening,20.61,10.2
162.0,2,8.0,5,73,afternoon,85.16,22.69
119.3,3,6.9,5,77,evening,129.23,41.85
34.0,0,6.1,5,99,morning,26.26,26.69
76.6,2,6.4,6,48,morning,71.17,33.89
7.5,1,6.5,2,31,evening,42.36,82.3
182.5,0,5.5,7,169,morning,25.55,0.39
160.5,0,7.3,5,109,morning,30.9,0.43
9.1,2,7.1,2,19,morning,95.4,87.96
17.6,0,8.5,7,180,night,23.95,53.84
5.6,5,8.1,4,40,evening,463.42,93.59
15.7,3,5.6,2,53,afternoon,151.61,92.68
81.7,6,7.6,6,28,morning,814.07,90.1
23.3,0,5.3,8,60,morning,20.53,38.79
4.9,6,7.4,8,41,evening,679.22,100.0
20.6,1,5.8,9,29,evening,28.9,47.76
191.7,1,5.2,8,25,morning,33.66,0.0
48.2,0,6.9,1,36,morning,28.72,18.81
26.3,0,3.0,4,81,morning,19.97,22.8
9.2,2,4.2,7,74,evening,48.18,79.93
206.0,1,6.3,4,32,evening,37.56,0.0
83.0,0,6.6,6,47,morning,21.91,0.0
16.4,2,6.0,6,91,morning,79.19,81.62
4.0,0,4.4,4,48,morning,18.38,81.49
3.3,2,5.4,8,111,night,61.22,87.82
6.7,1,7.0,5,159,morning,58.68,88.73
42.2,3,7.3,5,36,evening,133.76,74.92
127.3,3,6.5,10,39,evening,92.08,24.53
33.5,1,8.0,5,119,afternoon,52.67,50.72
89.4,1,7.0,3,47,morning,53.7,17.48
28.8,1,5.5,5,94,morning,46.73,52.1
59.7,3,6.1,7,63,evening,112.51,56.6
63.7,1,4.7,7,51,evening,25.26,8.64
9.7,0,6.4,7,79,evening,20.07,69.75
22.0,0,7.9,6,120,afternoon,27.8,42.73
49.2,1,7.4,4,102,morning,57.91,41.65
4.0,1,8.3,8,55,night,34.18,88.78
22.0,3,6.1,8,64,evening,107.5,79.09
37.2,0,8.2,3,95,morning,33.6,36.89
268.3,1,6.2,3,66,night,39.95,0.0
31.4,3,8.4,9,129,evening,137.39,77.71
81.8,3,6.5,8,12,afternoon,97.32,46.01
27.7,1,7.4,8,38,evening,35.66,44.96
76.9,1,8.4,8,75,evening,39.21,11.2
43.9,1,6.2,5,44,evening,36.68,31.75
105.0,5,6.8,6,122,morning,495.58,84.08
25.9,0,8.2,5,39,morning,26.01,37.68
45.0,5,6.3,2,60,night,440.1,87.48
48.2,2,4.8,7,36,morning,49.15,39.1
26.4,1,9.3,5,54,afternoon,45.1,54.28
8.0,0,5.9,6,18,afternoon,18.74,67.86
5.2,1,6.7,5,24,afternoon,36.18,91.8
1.3,1,8.0,5,155,evening,52.16,88.42
99.8,0,5.7,3,58,night,21.75,1.41
13.5,2,5.2,4,46,morning,78.98,78.21
11.9,6,6.8,3,28,morning,838.29,100.0
64.4,2,4.2,3,31,morning,60.39,32.79
19.0,2,6.1,9,145,night,61.41,76.0
34.4,0,6.8,3,60,evening,23.85,23.51
9.0,1,6.1,4,101,morning,50.24,80.79
154.7,0,4.5,6,6,evening,13.03,0.0
92.1,2,8.6,6,41,night,65.46,30.04
96.2,5,6.6,3,134,evening,534.65,86.88
25.6,2,8.4,7,42,night,62.4,73.15
69.5,0,6.2,7,30,morning,19.9,3.23
8.0,1,5.4,3,72,evening,44.24,84.46
0.9,2,6.8,4,22,afternoon,68.51,97.76
1.5,1,6.2,9,19,evening,28.1,93.8
42.9,3,5.0,7,122,evening,129.26,68.11
29.7,3,8.4,6,36,evening,126.82,79.42
35.5,2,5.7,2,79,evening,86.3,63.51
0.9,1,4.1,5,148,morning,38.27,99.22
26.9,0,8.2,5,58,afternoon,25.31,35.15
61.3,0,5.8,3,78,night,22.86,7.85
28.6,1,5.7,5,18,night,31.3,45.97
63.7,1,4.2,6,34,morning,28.56,10.62
13.2,2,8.8,4,133,morning,111.66,91.5
81.0,2,4.8,7,46,morning,50.48,27.28
43.1,0,6.6,7,25,evening,17.44,13.02
11.9,1,7.7,4,76,evening,48.4,82.24
13.5,0,7.0,7,112,morning,28.04,60.72
48.0,0,6.4,2,42,afternoon,25.26,15.75
85.5,3,4.3,7,76,evening,87.15,32.88
26.3,0,5.4,3,93,evening,25.85,37.9
14.8,1,6.7,2,51,afternoon,46.55,73.73
97.3,0,5.5,6,47,afternoon,20.28,0.91
53.6,4,6.8,5,145,afternoon,275.56,85.92
29.0,2,7.4,8,26,morning,69.87,61.8
32.6,0,7.8,4,61,afternoon,26.98,35.6
11.5,1,4.9,4,54,evening,29.87,71.2
47.8,3,9.4,5,53,night,128.26,68.64
21.8,5,7.5,5,90,evening,496.75,95.19
261.5,0,6.5,4,79,evening,23.55,1.68
31.9,4,7.9,6,67,morning,278.38,94.5
32.4,5,9.6,7,19,afternoon,388.2,92.35
40.5,4,4.6,8,32,morning,150.11,76.86
119.8,2,6.2,9,49,morning,61.75,14.43
77.9,2,3.4,4,60,evening,54.6,30.25
29.3,1,6.8,6,132,night,39.31,46.17
61.4,3,7.0,4,59,morning,169.1,69.45
42.9,1,6.4,6,87,afternoon,40.35,39.66
33.0,2,5.6,5,55,evening,67.94,62.04
10.8,1,3.8,10,84,morning,26.88,70.89
30.4,3,7.0,6,57,afternoon,139.62,77.24
14.0,3,8.4,9,29,evening,107.67,87.09
118.7,0,5.7,7,78,evening,20.02,5.46
20.1,3,7.1,8,73,morning,142.22,84.45
146.5,1,4.5,7,22,afternoon,24.32,0.0
37.1,3,7.1,5,55,evening,140.64,77.71
48.4,1,6.0,4,54,afternoon,41.49,27.68
38.1,1,5.5,4,40,morning,43.19,39.94
7.2,4,5.5,1,28,evening,262.18,97.69
23.1,0,6.0,5,65,morning,24.2,38.66
5.5,3,7.0,5,125,evening,165.99,100.0
47.3,1,4.8,5,82,morning,34.06,30.34
28.9,1,6.0,9,20,night,25.83,29.67
72.7,1,6.4,8,120,afternoon,39.43,16.21
12.5,2,5.1,3,111,morning,98.2,90.41
9.1,1,8.8,4,41,morning,49.8,88.61
25.5,0,5.4,5,21,morning,21.53,33.1
125.9,0,5.6,4,42,night,19.65,1.18
60.0,0,5.2,7,44,night,16.84,5.17
26.6,6,8.8,5,23,afternoon,783.99,99.02
35.5,6,7.2,5,64,afternoon,874.2,92.77
4.7,1,5.3,8,35,evening,30.76,86.5
200.7,2,7.9,7,26,night,59.74,8.58
53.2,1,6.8,3,48,afternoon,43.35,28.59
16.6,2,6.8,6,123,afternoon,78.85,81.47
42.8,3,6.1,5,91,afternoon,139.2,72.68
6.1,5,5.5,4,72,evening,437.52,90.52
162.6,1,6.9,2,41,morning,48.97,3.69
9.7,3,5.8,5,23,evening,112.22,92.78
50.6,0,8.9,4,28,afternoon,24.73,11.13
14.0,7,4.8,4,88,evening,1105.13,94.7
61.2,0,8.5,6,35,morning,24.4,5.06
72.5,2,6.4,7,61,afternoon,64.78,35.33
54.2,2,6.9,3,72,afternoon,82.94,58.93
46.3,2,7.6,1,20,evening,91.0,64.96
107.5,0,5.7,7,56,morning,21.32,0.0
4.4,5,7.6,1,69,afternoon,629.48,100.0
19.8,0,3.0,9,141,afternoon,16.15,27.03
14.2,2,5.6,6,60,afternoon,67.97,79.11
212.9,0,5.3,4,85,evening,23.9,0.0
24.2,1,4.9,3,42,evening,30.72,47.96
63.8,1,6.2,1,97,evening,53.54,33.73
55.9,1,7.0,3,24,morning,50.45,32.68
11.9,0,7.4,3,73,evening,28.33,65.42
13.6,0,6.8,6,62,afternoon,21.08,54.09
16.4,1,5.6,3,106,morning,53.94,75.77
25.9,3,7.0,5,72,morning,165.15,89.6
13.3,4,6.7,6,50,morning,231.79,89.93
1.5,0,7.7,4,97,evening,28.27,94.9
102.0,1,7.5,1,72,evening,57.99,13.49
162.3,0,6.5,1,30,evening,25.11,0.0
20.6,0,5.3,1,52,afternoon,27.74,46.8
20.3,2,5.7,7,28,afternoon,59.36,70.87
0.8,2,5.8,4,68,morning,83.56,96.25
55.2,0,6.1,7,73,morning,22.25,3.16
84.3,0,6.8,5,129,afternoon,26.01,0.0
8.1,0,7.4,5,51,morning,26.85,73.5
8.8,3,6.4,5,46,morning,134.4,92.15
75.4,6,6.5,6,21,afternoon,642.76,86.57
46.5,0,6.7,4,51,evening,21.95,16.66
2.7,0,5.8,2,48,night,22.58,85.72
47.3,4,5.3,5,60,night,204.39,84.3
18.2,5,4.2,4,47,evening,307.9,99.94
22.6,1,5.6,5,47,afternoon,38.51,48.78
71.0,0,7.1,6,60,evening,23.16,4.99
80.5,0,5.6,5,53,evening,20.86,0.71
25.0,2,6.2,6,47,morning,70.98,60.12
141.6,1,7.1,5,46,afternoon,44.17,0.0
25.5,0,7.2,7,150,evening,26.12,40.39
71.4,2,5.1,6,45,afternoon,65.38,40.62
32.2,0,7.8,5,49,afternoon,24.73,30.36
109.9,3,8.0,6,18,afternoon,125.67,42.84
114.9,1,5.0,8,97,morning,40.42,5.75
4.9,0,5.4,5,11,afternoon,19.37,83.54
132.8,2,8.0,5,31,morning,82.47,27.5
84.3,1,6.3,7,76,morning,40.35,10.32
75.7,6,3.6,6,16,morning,513.29,79.29
11.3,1,4.7,2,38,evening,32.38,63.2
79.0,0,6.2,8,55,morning,20.27,6.65
91.6,2,5.0,1,53,afternoon,90.12,36.03
16.9,0,6.0,7,37,morning,20.28,44.1
146.5,4,6.5,7,86,night,196.42,41.17
3.0,1,8.4,9,88,morning,43.47,90.7
8.3,1,6.1,2,77,afternoon,49.7,83.59
37.5,0,7.9,6,43,night,20.31,16.51
41.7,1,8.4,5,61,evening,44.08,37.43
50.2,3,8.4,4,40,morning,160.91,69.57
1.3,3,6.9,2,176,evening,175.81,96.52
155.4,0,3.9,5,67,afternoon,16.89,4.24
2.7,0,7.1,5,43,afternoon,24.34,90.36
7.9,3,7.9,2,159,morning,227.45,98.73
1.2,5,6.4,6,46,morning,412.86,96.56
40.7,0,8.8,7,66,evening,22.35,5.85
129.7,1,7.6,7,86,afternoon,44.01,3.42
53.1,1,7.2,8,41,afternoon,37.44,21.18
83.5,4,7.9,5,39,evening,242.72,72.11
1.1,0,6.9,9,95,evening,18.98,100.0
38.0,0,3.3,8,86,morning,16.41,12.31
30.0,3,5.9,4,86,evening,139.7,90.25
33.7,0,8.1,3,73,morning,31.87,36.73
4.1,1,5.5,5,149,evening,45.36,89.15
55.9,1,6.2,5,58,evening,38.04,24.22
34.1,1,5.1,5,34,night,32.73,41.51
70.0,1,8.8,6,27,morning,42.96,26.01
32.4,1,8.7,7,45,morning,42.89,44.96
8.3,0,5.4,5,5,morning,20.55,67.66
